dataset_id,dataset_split,source_row_index,audio_path,transcript,normalized_transcript,speaker_id,topic,subtopic,paragraph_id,sentence_id,duration,duration_bucket,group_key
Digital-Divide-Data/khmer-speech-dataset,train,137,f-adt1-0002_khm_life_as_a_fisherman_in_cambodia_19_0001_0040.wav,បង្កើតតំបន់គ្រប់គ្រងធនធានជលផលរួមជំនួសឱ្យការកំណត់ខ្សែបន្ទាត់ដាច់ដោយឡែក ភាគីទាំងពីរអាចពិចារណាបង្កើតតំបន់គ្រប់គ្រងធនធានជលផលរួមគ្នានៅតាមបណ្តោយព្រំដែន។,បង្កើតតំបន់គ្រប់គ្រងធនធានជលផលរួមជំនួសឱ្យការកំណត់ខ្សែបន្ទាត់ដាច់ដោយឡែក ភាគីទាំងពីរអាចពិចារណាបង្កើតតំបន់គ្រប់គ្រងធនធានជលផលរួមគ្នានៅតាមបណ្តោយព្រំដែន។,f-adt1-0002,Life as a Fisherman in Cambodia,Border-Water Diplomacy – Cambodian-Vietnamese fishing lines,1,life_as_a_fisherman_in_cambodia_19_0001_0040,11.43,long_gt_10s,1:life_as_a_fisherman_in_cambodia_19_0001_0040
Digital-Divide-Data/khmer-speech-dataset,train,632,f-adt1-0002_khm_life_as_a_fisherman_in_cambodia_20_0001_0003.wav,គោលបំណងនៃការជួសជុលការជួសជុលគ្រឿងបន្លាស់ជាមួយនឹងផ្លាស្ទិកកែច្នៃមានគោលបំណងសំខាន់ៗដូចខាងក្រោម,គោលបំណងនៃការជួសជុលការជួសជុលគ្រឿងបន្លាស់ជាមួយនឹងផ្លាស្ទិកកែច្នៃមានគោលបំណងសំខាន់ៗដូចខាងក្រោម,f-adt1-0002,Life as a Fisherman in Cambodia,Gear Repair with Recycled Plastics,1,life_as_a_fisherman_in_cambodia_20_0001_0003,5.61,medium_5_to_10s,1:life_as_a_fisherman_in_cambodia_20_0001_0003
Digital-Divide-Data/khmer-speech-dataset,train,310,f-adt1-0002_khm_movie_02_0001_0013.wav,"ក្នុងឆ្នាំ១៩៦៩ រឿងនេះ ក៏ត្រូវបានយកទៅចូលរួមសម្តែងក្នុងមហោស្រពអន្តរជាតិ ប្រទេសម៉ាឡេស៊ីផងដែរ, និងប្រទេសហ្វីលីពីន នាសម័យសាធារណរដ្ឋខ្មែរ ក្នុងឆ្នាំ ១៩៧០ ។","ក្នុងឆ្នាំ១៩៦៩ រឿងនេះ ក៏ត្រូវបានយកទៅចូលរួមសម្តែងក្នុងមហោស្រពអន្តរជាតិ ប្រទេសម៉ាឡេស៊ីផងដែរ, និងប្រទេសហ្វីលីពីន នាសម័យសាធារណរដ្ឋខ្មែរ ក្នុងឆ្នាំ ១៩៧០ ។",f-adt1-0002,Movie,Traditional folktale adaptations,1,movie_02_0001_0013,13.793,long_gt_10s,1:movie_02_0001_0013
Digital-Divide-Data/khmer-speech-dataset,train,12,f-adt1-0002_khm_movie_02_0001_0020.wav,រឿងនេះបានបង្កប់នូវ សារអប់រំដ៏មានតម្លៃអំពីសេចក្តីស្មោះត្រង់ ការលះបង់ និងការតស៊ូ ដែលជាគុណធម៌សំខាន់ៗក្នុងជីវិត។,រឿងនេះបានបង្កប់នូវ សារអប់រំដ៏មានតម្លៃអំពីសេចក្តីស្មោះត្រង់ ការលះបង់ និងការតស៊ូ ដែលជាគុណធម៌សំខាន់ៗក្នុងជីវិត។,f-adt1-0002,Movie,Traditional folktale adaptations,1,movie_02_0001_0020,9.311,medium_5_to_10s,1:movie_02_0001_0020
Digital-Divide-Data/khmer-speech-dataset,train,724,f-adt1-0002_khm_movie_02_0001_0025.wav,បន្ថែមពីនេះ  រឿង សុវណ្ណាហង្សជារឿងភាគនិទានដ៏អស្ចារ្យដែលនិយាយអំពី ឥន្ទ្រីមាស ដែលមានសមត្ថភាពអស្ចារ្យ ហើយត្រូវបានចាត់ទុកជាតំណាងនៃភាពរុងរឿង និងសិរីសួស្ដី។,បន្ថែមពីនេះ រឿង សុវណ្ណាហង្សជារឿងភាគនិទានដ៏អស្ចារ្យដែលនិយាយអំពី ឥន្ទ្រីមាស ដែលមានសមត្ថភាពអស្ចារ្យ ហើយត្រូវបានចាត់ទុកជាតំណាងនៃភាពរុងរឿង និងសិរីសួស្ដី។,f-adt1-0002,Movie,Traditional folktale adaptations,1,movie_02_0001_0025,13.677,long_gt_10s,1:movie_02_0001_0025
Digital-Divide-Data/khmer-speech-dataset,train,432,f-adt1-0002_khm_movie_02_0001_0029.wav,វាក៏បានបង្កប់នូវ សារៈសំខាន់នៃការគោរពដឹងគុណមាតាបិតា ដែលជាគុណធម៌ដ៏ធំបំផុតនៅក្នុងសង្គមខ្មែរ។,វាក៏បានបង្កប់នូវ សារៈសំខាន់នៃការគោរពដឹងគុណមាតាបិតា ដែលជាគុណធម៌ដ៏ធំបំផុតនៅក្នុងសង្គមខ្មែរ។,f-adt1-0002,Movie,Traditional folktale adaptations,1,movie_02_0001_0029,7.721,medium_5_to_10s,1:movie_02_0001_0029
Digital-Divide-Data/khmer-speech-dataset,train,138,f-adt1-0002_khm_recipes_08_0001_0015.wav,ក្នុងដំណាក់កាលនេះ គេត្រូវកូរឲ្យសព្វជាប្រចាំ រហូតដល់ស្នូលរីងទឹក និងមិនជាប់ខ្ទះ។,ក្នុងដំណាក់កាលនេះ គេត្រូវកូរឲ្យសព្វជាប្រចាំ រហូតដល់ស្នូលរីងទឹក និងមិនជាប់ខ្ទះ។,f-adt1-0002,Recipes,How to make Khmer Glutinous Rice Balls with Mung bean fillings,1,recipes_08_0001_0015,5.77,medium_5_to_10s,1:recipes_08_0001_0015
Digital-Divide-Data/khmer-speech-dataset,train,81,f-adt1-0002_khm_recipes_08_0001_0024.wav,គេយកម្សៅសំបកនំមួយដុំតូច ដែលប្រហែលជា ២០-២៥ ក្រាម រុញឲ្យសំប៉ែត ឬពង្រីកវាបន្តិច រួចដាក់ស្នូលសណ្តែកដែលបានរមៀលរួចនៅចំកណ្តាល។,គេយកម្សៅសំបកនំមួយដុំតូច ដែលប្រហែលជា ២០-២៥ ក្រាម រុញឲ្យសំប៉ែត ឬពង្រីកវាបន្តិច រួចដាក់ស្នូលសណ្តែកដែលបានរមៀលរួចនៅចំកណ្តាល។,f-adt1-0002,Recipes,How to make Khmer Glutinous Rice Balls with Mung bean fillings,1,recipes_08_0001_0024,11.633,long_gt_10s,1:recipes_08_0001_0024
Digital-Divide-Data/khmer-speech-dataset,train,783,f-adt1-0002_khm_recipes_09_0001_0002.wav,ជាទូទៅ វាមានគ្រឿងផ្សំចម្រុះជាច្រើនមុខ ដែលធ្វើឱ្យមានពណ៌ស្រស់ស្អាត និងរសជាតិប្លែកពីគេ។,ជាទូទៅ វាមានគ្រឿងផ្សំចម្រុះជាច្រើនមុខ ដែលធ្វើឱ្យមានពណ៌ស្រស់ស្អាត និងរសជាតិប្លែកពីគេ។,f-adt1-0002,Recipes,Cambodian Chab chhay dessert​​ recipe,1,recipes_09_0001_0002,6.513,medium_5_to_10s,1:recipes_09_0001_0002
Digital-Divide-Data/khmer-speech-dataset,train,471,f-adt1-0002_khm_recipes_09_0001_0003.wav,ដើម្បីធ្វើបង្អែមចាប់ឆាយ អ្នកត្រូវត្រៀមគ្រឿងផ្សំសំខាន់ៗមួយចំនួន។,ដើម្បីធ្វើបង្អែមចាប់ឆាយ អ្នកត្រូវត្រៀមគ្រឿងផ្សំសំខាន់ៗមួយចំនួន។,f-adt1-0002,Recipes,Cambodian Chab chhay dessert​​ recipe,1,recipes_09_0001_0003,4.493,short_lt_5s,1:recipes_09_0001_0003
Digital-Divide-Data/khmer-speech-dataset,train,861,f-adt1-0002_khm_recipes_09_0001_0004.wav,"ក្នុងនោះមានដូចជា សណ្ដែកបាយ ប្រហែល ១ កំប៉ុង, ល្ពៅ ត្រាវ ដំឡូងជ្វា ប្រហែល ៨ ខាំ ហើយត្រូវហាន់ជាដុំតូចៗល្មម។","ក្នុងនោះមានដូចជា សណ្ដែកបាយ ប្រហែល ១ កំប៉ុង, ល្ពៅ ត្រាវ ដំឡូងជ្វា ប្រហែល ៨ ខាំ ហើយត្រូវហាន់ជាដុំតូចៗល្មម។",f-adt1-0002,Recipes,Cambodian Chab chhay dessert​​ recipe,1,recipes_09_0001_0004,7.883,medium_5_to_10s,1:recipes_09_0001_0004
Digital-Divide-Data/khmer-speech-dataset,train,914,f-adt1-0002_khm_recipes_09_0001_0015.wav,នៅពេលដែលបន្លែ និងសណ្ដែកបាយផុយល្មមហើយ ត្រូវបង់សណ្ដែកដីដែលលីងហើយនោះចូល រួចទើបដាក់សាគូ និងធ្មេញរណាចូលតាមក្រោយ។,នៅពេលដែលបន្លែ និងសណ្ដែកបាយផុយល្មមហើយ ត្រូវបង់សណ្ដែកដីដែលលីងហើយនោះចូល រួចទើបដាក់សាគូ និងធ្មេញរណាចូលតាមក្រោយ។,f-adt1-0002,Recipes,Cambodian Chab chhay dessert​​ recipe,1,recipes_09_0001_0015,9.625,medium_5_to_10s,1:recipes_09_0001_0015
Digital-Divide-Data/khmer-speech-dataset,train,678,f-adt1-0002_khm_recipes_09_0001_0018.wav,រួចយើងកូរវាថ្នមៗរហូតទាល់តែស្ករសរលាយអស់។,រួចយើងកូរវាថ្នមៗរហូតទាល់តែស្ករសរលាយអស់។,f-adt1-0002,Recipes,Cambodian Chab chhay dessert​​ recipe,1,recipes_09_0001_0018,3.622,short_lt_5s,1:recipes_09_0001_0018
Digital-Divide-Data/khmer-speech-dataset,train,470,f-adt1-0002_khm_social_media_11_0001_0010.wav,បន្ថែមពីនេះ យុវជនភាគច្រើនចំណាយពេលយ៉ាងច្រើននៅលើបណ្តាញសង្គម។,បន្ថែមពីនេះ យុវជនភាគច្រើនចំណាយពេលយ៉ាងច្រើននៅលើបណ្តាញសង្គម។,f-adt1-0002,Social Media,Buddhist quotes and spirituality spreading on social media,1,social_media_11_0001_0010,3.93,short_lt_5s,1:social_media_11_0001_0010
Digital-Divide-Data/khmer-speech-dataset,train,585,f-adt1-0002_khm_social_media_11_0001_0012.wav,ទីពីរ ការផ្សព្វផ្សាយនេះជួយក្នុងការអប់រំ និងបណ្ដុះបណ្ដាលសីលធម៌។,ទីពីរ ការផ្សព្វផ្សាយនេះជួយក្នុងការអប់រំ និងបណ្ដុះបណ្ដាលសីលធម៌។,f-adt1-0002,Social Media,Buddhist quotes and spirituality spreading on social media,1,social_media_11_0001_0012,4.4,short_lt_5s,1:social_media_11_0001_0012
Digital-Divide-Data/khmer-speech-dataset,train,503,f-adt1-0002_khm_social_media_11_0001_0016.wav,សារធម៌ខ្លីៗ និងវីដេអូបង្រៀនធម៌ អាចជួយឱ្យយើងស្ងប់ចិត្ត និងមានសន្តិភាពក្នុងខ្លួន។,សារធម៌ខ្លីៗ និងវីដេអូបង្រៀនធម៌ អាចជួយឱ្យយើងស្ងប់ចិត្ត និងមានសន្តិភាពក្នុងខ្លួន។,f-adt1-0002,Social Media,Buddhist quotes and spirituality spreading on social media,1,social_media_11_0001_0016,5.85,medium_5_to_10s,1:social_media_11_0001_0016
Digital-Divide-Data/khmer-speech-dataset,train,770,f-adt1-0002_khm_social_media_11_0001_0017.wav,ទីបី វាជួយលើកកម្ពស់វប្បធម៌ និងអត្តសញ្ញាណជាតិ។,ទីបី វាជួយលើកកម្ពស់វប្បធម៌ និងអត្តសញ្ញាណជាតិ។,f-adt1-0002,Social Media,Buddhist quotes and spirituality spreading on social media,1,social_media_11_0001_0017,3.25,short_lt_5s,1:social_media_11_0001_0017
Digital-Divide-Data/khmer-speech-dataset,train,610,f-adt1-0002_khm_social_media_11_0001_0025.wav,ទីប្រាំ ការផ្សព្វផ្សាយនេះជួយប្រឆាំងនឹងព័ត៌មានមិនពិត និងអបិយជំនឿ។,ទីប្រាំ ការផ្សព្វផ្សាយនេះជួយប្រឆាំងនឹងព័ត៌មានមិនពិត និងអបិយជំនឿ។,f-adt1-0002,Social Media,Buddhist quotes and spirituality spreading on social media,1,social_media_11_0001_0025,4.22,short_lt_5s,1:social_media_11_0001_0025
Digital-Divide-Data/khmer-speech-dataset,train,97,f-adt1-0002_khm_traditional_occupations_05_0001_0003.wav,"អ្នកដែលអនុវត្តមុខរបរព្យាបាលនេះ ត្រូវបានគេហៅថា ""គ្រូខ្មែរ""។","អ្នកដែលអនុវត្តមុខរបរព្យាបាលនេះ ត្រូវបានគេហៅថា ""គ្រូខ្មែរ""។",f-adt1-0002,Traditional Occupations,Traditional healing,1,traditional_occupations_05_0001_0003,4.784,short_lt_5s,1:traditional_occupations_05_0001_0003
Digital-Divide-Data/khmer-speech-dataset,train,173,f-adt1-0002_khm_traditional_occupations_05_0001_0007.wav,ឧទាហរណ៍៖ រមៀត ខ្ញី ឬដើមឈើក្នុងព្រៃ ត្រូវបានប្រើប្រាស់សម្រាប់លក្ខណៈសម្បត្តិព្យាបាលរបស់វា។,ឧទាហរណ៍៖ រមៀត ខ្ញី ឬដើមឈើក្នុងព្រៃ ត្រូវបានប្រើប្រាស់សម្រាប់លក្ខណៈសម្បត្តិព្យាបាលរបស់វា។,f-adt1-0002,Traditional Occupations,Traditional healing,1,traditional_occupations_05_0001_0007,6.694,medium_5_to_10s,1:traditional_occupations_05_0001_0007
Digital-Divide-Data/khmer-speech-dataset,train,369,f-adt1-0002_khm_traditional_occupations_05_0001_0012.wav,នៅតាមជនបទពេលមានពស់ចឹកឬខាំគេតែងតែទៅរកគ្រួខ្មែរអោយព្យាបាលព្រោះមិនសូវមានពេទ្យនោះទេ។,នៅតាមជនបទពេលមានពស់ចឹកឬខាំគេតែងតែទៅរកគ្រួខ្មែរអោយព្យាបាលព្រោះមិនសូវមានពេទ្យនោះទេ។,f-adt1-0002,Traditional Occupations,Traditional healing,1,traditional_occupations_05_0001_0012,7.522,medium_5_to_10s,1:traditional_occupations_05_0001_0012
Digital-Divide-Data/khmer-speech-dataset,train,27,f-adt1-0002_khm_traditional_occupations_05_0001_0017.wav,ក្នុងសម័យកាលនោះ ការព្យាបាលបែបបុរាណ គឺជាបង្អែកតែមួយគត់ និងជាប្រព័ន្ធសុខាភិបាលដ៏សំខាន់សម្រាប់ប្រជាជនខ្មែរគ្រប់រូប។,ក្នុងសម័យកាលនោះ ការព្យាបាលបែបបុរាណ គឺជាបង្អែកតែមួយគត់ និងជាប្រព័ន្ធសុខាភិបាលដ៏សំខាន់សម្រាប់ប្រជាជនខ្មែរគ្រប់រូប។,f-adt1-0002,Traditional Occupations,Traditional healing,1,traditional_occupations_05_0001_0017,8.524,medium_5_to_10s,1:traditional_occupations_05_0001_0017
Digital-Divide-Data/khmer-speech-dataset,train,83,f-adt1-0002_khm_traditional_occupations_05_0001_0018.wav,តាំងពីបុរាណកាល ជាពិសេសសម័យអង្គរ ខ្មែរយើងមានចំណេះដឹងយ៉ាងទូលំទូលាយទាក់ទងអំពីឱសថបុរាណ ក៏ដូចជាវិធីសាស្ត្រព្យាបាលជំងឺ។,តាំងពីបុរាណកាល ជាពិសេសសម័យអង្គរ ខ្មែរយើងមានចំណេះដឹងយ៉ាងទូលំទូលាយទាក់ទងអំពីឱសថបុរាណ ក៏ដូចជាវិធីសាស្ត្រព្យាបាលជំងឺ។,f-adt1-0002,Traditional Occupations,Traditional healing,1,traditional_occupations_05_0001_0018,10.05,long_gt_10s,1:traditional_occupations_05_0001_0018
Digital-Divide-Data/khmer-speech-dataset,train,322,f-adt1-0002_khm_university_49_0001_0002.wav,វាមានមុខងារបណ្តុះបណ្តាលសិស្សនិស្សិត និងព្រះសង្ឃឲ្យមានចំណេះដឹងជ្រៅលើពុទ្ធសាសនា និងវិទ្យាសាស្ត្រអប់រំ ដើម្បីអភិវឌ្ឍសមត្ថភាពផ្លូវចិត្ត និងជំនាញគ្រប់គ្រងអប់រំ។,វាមានមុខងារបណ្តុះបណ្តាលសិស្សនិស្សិត និងព្រះសង្ឃឲ្យមានចំណេះដឹងជ្រៅលើពុទ្ធសាសនា និងវិទ្យាសាស្ត្រអប់រំ ដើម្បីអភិវឌ្ឍសមត្ថភាពផ្លូវចិត្ត និងជំនាញគ្រប់គ្រងអប់រំ។,f-adt1-0002,University,Role of Buddhist universities and monk scholars,1,university_49_0001_0002,10.063,long_gt_10s,1:university_49_0001_0002
Digital-Divide-Data/khmer-speech-dataset,train,409,f-adt1-0002_khm_working_in_cambodia_44_0001_0050.wav,អាជីពគណនេយ្យករ និងអ្នកកាន់បញ្ជីការនៅកម្ពុជា នឹងបន្តមានសក្តានុពលខ្លាំងក្លាស្របតាមការកើនឡើងនៃអាជីវកម្ម។,អាជីពគណនេយ្យករ និងអ្នកកាន់បញ្ជីការនៅកម្ពុជា នឹងបន្តមានសក្តានុពលខ្លាំងក្លាស្របតាមការកើនឡើងនៃអាជីវកម្ម។,f-adt1-0002,Working in Cambodia,Accountants and bookkeepers navigating digital tax systems,1,working_in_cambodia_44_0001_0050,7.05,medium_5_to_10s,1:working_in_cambodia_44_0001_0050
Digital-Divide-Data/khmer-speech-dataset,train,257,f-adt1-0002_khm_working_in_cambodia_44_0001_0059.wav,សរុបមក អាជីពគណនេយ្យករ និងអ្នកកាន់បញ្ជីការនៅកម្ពុជា គឺជាសសរស្តម្ភមិនអាចខ្វះបានក្នុងយុគសម័យសេដ្ឋកិច្ចឌីជីថល។,សរុបមក អាជីពគណនេយ្យករ និងអ្នកកាន់បញ្ជីការនៅកម្ពុជា គឺជាសសរស្តម្ភមិនអាចខ្វះបានក្នុងយុគសម័យសេដ្ឋកិច្ចឌីជីថល។,f-adt1-0002,Working in Cambodia,Accountants and bookkeepers navigating digital tax systems,1,working_in_cambodia_44_0001_0059,7.84,medium_5_to_10s,1:working_in_cambodia_44_0001_0059
Digital-Divide-Data/khmer-speech-dataset,train,913,f-adt1-0002_khm_working_in_cambodia_45_0001_0002.wav,ការផ្លាស់ប្តូររចនាសម្ព័ន្ធគ្រួសារខ្មែរពីគ្រួសារដែលមានសមាជិកច្រើនជួបជុំគ្នា មកជាគ្រួសារតូចៗដាច់ដោយឡែក បានធ្វើឱ្យតម្រូវការស្វែងរកអ្នកថែទាំជំនាញមកជួយមើលថែមាតាបិតាកាន់តែមានភាពចាំបាច់។,ការផ្លាស់ប្តូររចនាសម្ព័ន្ធគ្រួសារខ្មែរពីគ្រួសារដែលមានសមាជិកច្រើនជួបជុំគ្នា មកជាគ្រួសារតូចៗដាច់ដោយឡែក បានធ្វើឱ្យតម្រូវការស្វែងរកអ្នកថែទាំជំនាញមកជួយមើលថែមាតាបិតាកាន់តែមានភាពចាំបាច់។,f-adt1-0002,Working in Cambodia,Working in elder care and private nursing services,1,working_in_cambodia_45_0001_0002,14.24,long_gt_10s,1:working_in_cambodia_45_0001_0002
Digital-Divide-Data/khmer-speech-dataset,train,708,f-adt1-0004_khm_beauty_standards_and_grooming_practices_13_0001_0032.wav,និងលើកជាគោមរំលេចដោយក្បាច់រចនា និងមានតម្លៃខ្ពស់។,និងលើកជាគោមរំលេចដោយក្បាច់រចនា និងមានតម្លៃខ្ពស់។,f-adt1-0004,Beauty Standards and Grooming Practices,The Role of the Sampot in Enhancing Elegance,1,beauty_standards_and_grooming_practices_13_0001_0032,3.78,short_lt_5s,1:beauty_standards_and_grooming_practices_13_0001_0032
Digital-Divide-Data/khmer-speech-dataset,train,802,f-adt1-0004_khm_beauty_standards_and_grooming_practices_13_0001_0035.wav,ខ្មែរក្នុងសម័យពីដើមក៏ត្បាញសំពត់ប្រភេទនេះដែរ ប៉ុន្តែមានឱ្យបាយជូរថែមទៀតផង។,ខ្មែរក្នុងសម័យពីដើមក៏ត្បាញសំពត់ប្រភេទនេះដែរ ប៉ុន្តែមានឱ្យបាយជូរថែមទៀតផង។,f-adt1-0004,Beauty Standards and Grooming Practices,The Role of the Sampot in Enhancing Elegance,1,beauty_standards_and_grooming_practices_13_0001_0035,5.73,medium_5_to_10s,1:beauty_standards_and_grooming_practices_13_0001_0035
Digital-Divide-Data/khmer-speech-dataset,train,638,f-adt1-0004_khm_beauty_standards_and_grooming_practices_13_0001_0036.wav,លុះកាលក្រោយមក សំពត់បរទេសប្រភេទនេះ បានផ្សាយមកដល់ប្រទេសសៀមជាមុន សៀមហៅសំពត់នេះថា ផាឌិប។,លុះកាលក្រោយមក សំពត់បរទេសប្រភេទនេះ បានផ្សាយមកដល់ប្រទេសសៀមជាមុន សៀមហៅសំពត់នេះថា ផាឌិប។,f-adt1-0004,Beauty Standards and Grooming Practices,The Role of the Sampot in Enhancing Elegance,1,beauty_standards_and_grooming_practices_13_0001_0036,7.74,medium_5_to_10s,1:beauty_standards_and_grooming_practices_13_0001_0036
Digital-Divide-Data/khmer-speech-dataset,train,599,f-adt1-0004_khm_beauty_standards_and_grooming_practices_13_0001_0037.wav,ពេលផ្សាយពីប្រទេសសៀមចូលមកក្នុងប្រទេសកម្ពុជា ខ្មែរក៏ហៅ ផាឌិប តាមសៀមផងដែរ។,ពេលផ្សាយពីប្រទេសសៀមចូលមកក្នុងប្រទេសកម្ពុជា ខ្មែរក៏ហៅ ផាឌិប តាមសៀមផងដែរ។,f-adt1-0004,Beauty Standards and Grooming Practices,The Role of the Sampot in Enhancing Elegance,1,beauty_standards_and_grooming_practices_13_0001_0037,5.61,medium_5_to_10s,1:beauty_standards_and_grooming_practices_13_0001_0037
Digital-Divide-Data/khmer-speech-dataset,train,867,f-adt1-0004_khm_beauty_standards_and_grooming_practices_13_0001_0039.wav,ខ្មែរក៏ហៅសំពត់ប្រភេទក្រោយថា «សំពត់ទេស» (ព្រោះមកពីបរទេសឬពីប្រទេសក្រៅ)។,ខ្មែរក៏ហៅសំពត់ប្រភេទក្រោយថា «សំពត់ទេស» (ព្រោះមកពីបរទេសឬពីប្រទេសក្រៅ)។,f-adt1-0004,Beauty Standards and Grooming Practices,The Role of the Sampot in Enhancing Elegance,1,beauty_standards_and_grooming_practices_13_0001_0039,6.53,medium_5_to_10s,1:beauty_standards_and_grooming_practices_13_0001_0039
Digital-Divide-Data/khmer-speech-dataset,train,803,f-adt1-0004_khm_beauty_standards_and_grooming_practices_13_0001_0047.wav,អន្លូញស្មើ គឺជាសំពត់អន្លូញត្បាញចម្រុះព័ណ៌អំបោះឬសូត្រ ចាក់និងអន្ទងខុសគ្នាប៉ុន្តែស្មើភាគគ្នា។,អន្លូញស្មើ គឺជាសំពត់អន្លូញត្បាញចម្រុះព័ណ៌អំបោះឬសូត្រ ចាក់និងអន្ទងខុសគ្នាប៉ុន្តែស្មើភាគគ្នា។,f-adt1-0004,Beauty Standards and Grooming Practices,The Role of the Sampot in Enhancing Elegance,1,beauty_standards_and_grooming_practices_13_0001_0047,8.82,medium_5_to_10s,1:beauty_standards_and_grooming_practices_13_0001_0047
Digital-Divide-Data/khmer-speech-dataset,train,804,f-adt1-0004_khm_beauty_standards_and_grooming_practices_13_0001_0054.wav,សំពត់នីមួយៗមានលក្ខណៈពិសេសរៀងៗខ្លួនដែលឆ្លុះបញ្ចាំងពីភាពច្នៃប្រឌិត។,សំពត់នីមួយៗមានលក្ខណៈពិសេសរៀងៗខ្លួនដែលឆ្លុះបញ្ចាំងពីភាពច្នៃប្រឌិត។,f-adt1-0004,Beauty Standards and Grooming Practices,The Role of the Sampot in Enhancing Elegance,1,beauty_standards_and_grooming_practices_13_0001_0054,5.05,medium_5_to_10s,1:beauty_standards_and_grooming_practices_13_0001_0054
Digital-Divide-Data/khmer-speech-dataset,train,889,f-adt1-0004_khm_beauty_standards_and_grooming_practices_13_0001_0058.wav,សំពត់ចងក្បិនជាទូទៅមានប្រវែងវែងជាងសំពត់ធម្មតា ចន្លោះពី ៣២០ ទៅ ៤០០ សង់ទីម៉ែត្រ។,សំពត់ចងក្បិនជាទូទៅមានប្រវែងវែងជាងសំពត់ធម្មតា ចន្លោះពី ៣២០ ទៅ ៤០០ សង់ទីម៉ែត្រ។,f-adt1-0004,Beauty Standards and Grooming Practices,The Role of the Sampot in Enhancing Elegance,1,beauty_standards_and_grooming_practices_13_0001_0058,6.81,medium_5_to_10s,1:beauty_standards_and_grooming_practices_13_0001_0058
Digital-Divide-Data/khmer-speech-dataset,train,806,f-adt1-0004_khm_beauty_standards_and_grooming_practices_13_0001_0059.wav,វាមានលក្ខណៈជាក្រណាត់ដែលមិនទាន់ដេរភ្ជាប់មុខគ្នា។,វាមានលក្ខណៈជាក្រណាត់ដែលមិនទាន់ដេរភ្ជាប់មុខគ្នា។,f-adt1-0004,Beauty Standards and Grooming Practices,The Role of the Sampot in Enhancing Elegance,1,beauty_standards_and_grooming_practices_13_0001_0059,3.85,short_lt_5s,1:beauty_standards_and_grooming_practices_13_0001_0059
Digital-Divide-Data/khmer-speech-dataset,train,821,f-adt1-0004_khm_beauty_standards_and_grooming_practices_13_0001_0062.wav,ការជ្រើសរើសក្រណាត់ដែលល្អជួយបង្កើនភាពប្រណីតរបស់ក្បិន។,ការជ្រើសរើសក្រណាត់ដែលល្អជួយបង្កើនភាពប្រណីតរបស់ក្បិន។,f-adt1-0004,Beauty Standards and Grooming Practices,The Role of the Sampot in Enhancing Elegance,1,beauty_standards_and_grooming_practices_13_0001_0062,4.27,short_lt_5s,1:beauty_standards_and_grooming_practices_13_0001_0062
Digital-Divide-Data/khmer-speech-dataset,train,866,f-adt1-0004_khm_beauty_standards_and_grooming_practices_13_0001_0065.wav,ការស្លៀកសំពត់ចងក្បិនទាមទារនូវភាពប៉ិនប្រសប់និងការយកចិត្តទុកដាក់បំផុត។,ការស្លៀកសំពត់ចងក្បិនទាមទារនូវភាពប៉ិនប្រសប់និងការយកចិត្តទុកដាក់បំផុត។,f-adt1-0004,Beauty Standards and Grooming Practices,The Role of the Sampot in Enhancing Elegance,1,beauty_standards_and_grooming_practices_13_0001_0065,4.88,short_lt_5s,1:beauty_standards_and_grooming_practices_13_0001_0065
Digital-Divide-Data/khmer-speech-dataset,train,922,f-adt1-0004_khm_beauty_standards_and_grooming_practices_13_0001_0067.wav,បន្ទាប់មកវាស់សំពត់ប្រវែងមួយហាត់ដៃពីចង្កេះរួចចាប់ផ្ទៃសំពត់ចំកន្លែងដែលវាស់ស្មើមួយហាត់នោះមកចងក្របួចជុំវិញចង្កេះឲ្យណែន។,បន្ទាប់មកវាស់សំពត់ប្រវែងមួយហាត់ដៃពីចង្កេះរួចចាប់ផ្ទៃសំពត់ចំកន្លែងដែលវាស់ស្មើមួយហាត់នោះមកចងក្របួចជុំវិញចង្កេះឲ្យណែន។,f-adt1-0004,Beauty Standards and Grooming Practices,The Role of the Sampot in Enhancing Elegance,1,beauty_standards_and_grooming_practices_13_0001_0067,9.82,medium_5_to_10s,1:beauty_standards_and_grooming_practices_13_0001_0067
Digital-Divide-Data/khmer-speech-dataset,train,971,f-adt1-0004_khm_beauty_standards_and_grooming_practices_13_0001_0073.wav,ចុងក្រោយគេត្រូវពិនិត្យមើលជាយក្បិនដែលចងផ្នែកខាងមុខឲ្យមានសភាពស្អាតល្អមិនរញ៉េរញ៉ៃ។,ចុងក្រោយគេត្រូវពិនិត្យមើលជាយក្បិនដែលចងផ្នែកខាងមុខឲ្យមានសភាពស្អាតល្អមិនរញ៉េរញ៉ៃ។,f-adt1-0004,Beauty Standards and Grooming Practices,The Role of the Sampot in Enhancing Elegance,1,beauty_standards_and_grooming_practices_13_0001_0073,6.78,medium_5_to_10s,1:beauty_standards_and_grooming_practices_13_0001_0073
Digital-Divide-Data/khmer-speech-dataset,train,299,f-adt1-0005_khm_cambodia’s_social_and_economic_shift_13_0001_0113.wav,ចំណេះដឹងដែលបុគ្គលិកទទួលបានពីការសិក្សាបន្តនឹងក្លាយជាកម្លាំងរុញច្រានឱ្យក្រុមហ៊ុនអាចឈានទៅរកភាពជោគជ័យថ្មីៗ។,ចំណេះដឹងដែលបុគ្គលិកទទួលបានពីការសិក្សាបន្តនឹងក្លាយជាកម្លាំងរុញច្រានឱ្យក្រុមហ៊ុនអាចឈានទៅរកភាពជោគជ័យថ្មីៗ។,f-adt1-0005,Cambodia’s Social and Economic Shift,"ការផ្លាស់ប្តូរវប្បធម៌នៅកន្លែងធ្វើការ
Workplace culture changes",1,cambodia’s_social_and_economic_shift_13_0001_0113,8.16,medium_5_to_10s,1:cambodia’s_social_and_economic_shift_13_0001_0113
Digital-Divide-Data/khmer-speech-dataset,train,249,f-adt1-0005_khm_cambodia’s_social_and_economic_shift_13_0001_0115.wav,ការបង្កើតបរិយាកាសសិក្សាដែលមានភាពសប្បាយរីករាយ ជួយឱ្យការក្រេបជញ្ជក់ចំណេះដឹងមានប្រសិទ្ធភាពខ្ពស់និងឆាប់យល់។,ការបង្កើតបរិយាកាសសិក្សាដែលមានភាពសប្បាយរីករាយ ជួយឱ្យការក្រេបជញ្ជក់ចំណេះដឹងមានប្រសិទ្ធភាពខ្ពស់និងឆាប់យល់។,f-adt1-0005,Cambodia’s Social and Economic Shift,"ការផ្លាស់ប្តូរវប្បធម៌នៅកន្លែងធ្វើការ
Workplace culture changes",1,cambodia’s_social_and_economic_shift_13_0001_0115,7.3,medium_5_to_10s,1:cambodia’s_social_and_economic_shift_13_0001_0115
Digital-Divide-Data/khmer-speech-dataset,train,618,f-adt1-0005_khm_cambodia’s_social_and_economic_shift_13_0001_0117.wav,ការយល់ដឹងពីសារៈសំខាន់នៃចំណេះដឹងសកល ជួយឱ្យបុគ្គលិកមានមោទនភាពចំពោះការអភិវឌ្ឍវិជ្ជាជីវៈរបស់ខ្លួនក្នុងស្ថាប័ន។,ការយល់ដឹងពីសារៈសំខាន់នៃចំណេះដឹងសកល ជួយឱ្យបុគ្គលិកមានមោទនភាពចំពោះការអភិវឌ្ឍវិជ្ជាជីវៈរបស់ខ្លួនក្នុងស្ថាប័ន។,f-adt1-0005,Cambodia’s Social and Economic Shift,"ការផ្លាស់ប្តូរវប្បធម៌នៅកន្លែងធ្វើការ
Workplace culture changes",1,cambodia’s_social_and_economic_shift_13_0001_0117,9.08,medium_5_to_10s,1:cambodia’s_social_and_economic_shift_13_0001_0117
Digital-Divide-Data/khmer-speech-dataset,train,579,f-adt1-0005_khm_cambodia’s_social_and_economic_shift_13_0001_0121.wav,ការយល់ដឹងពីចិត្តវិទ្យានៃការរៀនសូត្រ ជួយឱ្យការផ្ទេរចំណេះដឹងក្នុងក្រុមហ៊ុនមានភាពរលូននិងងាយស្រួលយល់សម្រាប់គ្រប់គ្នា។,ការយល់ដឹងពីចិត្តវិទ្យានៃការរៀនសូត្រ ជួយឱ្យការផ្ទេរចំណេះដឹងក្នុងក្រុមហ៊ុនមានភាពរលូននិងងាយស្រួលយល់សម្រាប់គ្រប់គ្នា។,f-adt1-0005,Cambodia’s Social and Economic Shift,"ការផ្លាស់ប្តូរវប្បធម៌នៅកន្លែងធ្វើការ
Workplace culture changes",1,cambodia’s_social_and_economic_shift_13_0001_0121,7.89,medium_5_to_10s,1:cambodia’s_social_and_economic_shift_13_0001_0121
Digital-Divide-Data/khmer-speech-dataset,train,417,f-adt1-0005_khm_cambodia’s_social_and_economic_shift_13_0001_0123.wav,ការអភិវឌ្ឍធនធានមនុស្សតាមរយៈការរៀនសូត្រ គឺជាការរួមចំណែកកសាងសង្គមខ្មែរឱ្យមានភាពរឹងមាំនិងមានចំណេះដឹងខ្ពស់។,ការអភិវឌ្ឍធនធានមនុស្សតាមរយៈការរៀនសូត្រ គឺជាការរួមចំណែកកសាងសង្គមខ្មែរឱ្យមានភាពរឹងមាំនិងមានចំណេះដឹងខ្ពស់។,f-adt1-0005,Cambodia’s Social and Economic Shift,"ការផ្លាស់ប្តូរវប្បធម៌នៅកន្លែងធ្វើការ
Workplace culture changes",1,cambodia’s_social_and_economic_shift_13_0001_0123,8.09,medium_5_to_10s,1:cambodia’s_social_and_economic_shift_13_0001_0123
Digital-Divide-Data/khmer-speech-dataset,train,242,f-adt1-0005_khm_everyday_bureaucracy_25_0001_0011.wav,យើងមិនត្រូវខ្លាចក្នុងការបង្ហាញពីសេចក្ដីត្រេកអររបស់ខ្លួនឡើយនៅពេលដែលយើងអាចធ្វើការងារអ្វីមួយបានសម្រេចដោយខ្លួនឯងផ្ទាល់។,យើងមិនត្រូវខ្លាចក្នុងការបង្ហាញពីសេចក្ដីត្រេកអររបស់ខ្លួនឡើយនៅពេលដែលយើងអាចធ្វើការងារអ្វីមួយបានសម្រេចដោយខ្លួនឯងផ្ទាល់។,f-adt1-0005,Everyday Bureaucracy,ការអបអរសាទរជ័យជម្នះតូចៗដូចជាកង់ថ្មី ឬការងារថ្មី,1,everyday_bureaucracy_25_0001_0011,7.71,medium_5_to_10s,1:everyday_bureaucracy_25_0001_0011
Digital-Divide-Data/khmer-speech-dataset,train,190,f-adt1-0005_khm_everyday_bureaucracy_25_0001_0016.wav,ការមានកង់ថ្មីសម្រាប់ជិះទៅធ្វើការមិនត្រឹមតែជួយសម្រួលដល់ការធ្វើដំណើរប៉ុណ្ណោះទេតែវាជាការបង្កើតមោទនភាពដ៏ធំធេងមួយដែរ។,ការមានកង់ថ្មីសម្រាប់ជិះទៅធ្វើការមិនត្រឹមតែជួយសម្រួលដល់ការធ្វើដំណើរប៉ុណ្ណោះទេតែវាជាការបង្កើតមោទនភាពដ៏ធំធេងមួយដែរ។,f-adt1-0005,Everyday Bureaucracy,ការអបអរសាទរជ័យជម្នះតូចៗដូចជាកង់ថ្មី ឬការងារថ្មី,1,everyday_bureaucracy_25_0001_0016,9.29,medium_5_to_10s,1:everyday_bureaucracy_25_0001_0016
Digital-Divide-Data/khmer-speech-dataset,train,858,f-adt1-0005_khm_everyday_bureaucracy_25_0001_0018.wav,ការរៀនសើចនិងសប្បាយចិត្តជាមួយរាល់ការផ្លាស់ប្តូរវិជ្ជមានដែលបានកើតឡើងក្នុងជីវិតប្រចាំថ្ងៃរបស់ពួកយើងរាល់ថ្ងៃយ៉ាងរីករាយ។,ការរៀនសើចនិងសប្បាយចិត្តជាមួយរាល់ការផ្លាស់ប្តូរវិជ្ជមានដែលបានកើតឡើងក្នុងជីវិតប្រចាំថ្ងៃរបស់ពួកយើងរាល់ថ្ងៃយ៉ាងរីករាយ។,f-adt1-0005,Everyday Bureaucracy,ការអបអរសាទរជ័យជម្នះតូចៗដូចជាកង់ថ្មី ឬការងារថ្មី,1,everyday_bureaucracy_25_0001_0018,8.54,medium_5_to_10s,1:everyday_bureaucracy_25_0001_0018
Digital-Divide-Data/khmer-speech-dataset,train,340,f-adt1-0005_khm_everyday_bureaucracy_25_0001_0023.wav,មោទនភាពចំពោះខ្លួនឯងគឺជាកម្លាំងចលករដ៏សំខាន់ដែលរុញច្រានយើងឱ្យហួសពីដែនកំណត់ដែលយើងធ្លាប់មានសម្រាប់ការគិតក្នុងចិត្តជានិច្ច។,មោទនភាពចំពោះខ្លួនឯងគឺជាកម្លាំងចលករដ៏សំខាន់ដែលរុញច្រានយើងឱ្យហួសពីដែនកំណត់ដែលយើងធ្លាប់មានសម្រាប់ការគិតក្នុងចិត្តជានិច្ច។,f-adt1-0005,Everyday Bureaucracy,ការអបអរសាទរជ័យជម្នះតូចៗដូចជាកង់ថ្មី ឬការងារថ្មី,1,everyday_bureaucracy_25_0001_0023,8.98,medium_5_to_10s,1:everyday_bureaucracy_25_0001_0023
Digital-Divide-Data/khmer-speech-dataset,train,750,f-adt1-0005_khm_everyday_bureaucracy_25_0001_0030.wav,ការសម្រេចបាននូវជោគជ័យតូចៗគឺជាសក្ខីភាពនៃភាពរឹងមាំនិងការមិនបោះបង់ចោលនូវរាល់បំណងប្រាថ្នាសម្រាប់ការរស់នៅប្រចាំថ្ងៃ។,ការសម្រេចបាននូវជោគជ័យតូចៗគឺជាសក្ខីភាពនៃភាពរឹងមាំនិងការមិនបោះបង់ចោលនូវរាល់បំណងប្រាថ្នាសម្រាប់ការរស់នៅប្រចាំថ្ងៃ។,f-adt1-0005,Everyday Bureaucracy,ការអបអរសាទរជ័យជម្នះតូចៗដូចជាកង់ថ្មី ឬការងារថ្មី,1,everyday_bureaucracy_25_0001_0030,8.43,medium_5_to_10s,1:everyday_bureaucracy_25_0001_0030
Digital-Divide-Data/khmer-speech-dataset,train,601,f-adt1-0005_khm_everyday_bureaucracy_25_0001_0031.wav,រក្សាកម្លាំងចិត្តដើម្បីបន្តទៅមុខក្នុងជីវិតគឺជាកត្តាសំខាន់ដែលជួយឱ្យយើងសម្រេចបាននូវរាល់គោលដៅសម្រាប់ការងារដែលបានកំណត់។,រក្សាកម្លាំងចិត្តដើម្បីបន្តទៅមុខក្នុងជីវិតគឺជាកត្តាសំខាន់ដែលជួយឱ្យយើងសម្រេចបាននូវរាល់គោលដៅសម្រាប់ការងារដែលបានកំណត់។,f-adt1-0005,Everyday Bureaucracy,ការអបអរសាទរជ័យជម្នះតូចៗដូចជាកង់ថ្មី ឬការងារថ្មី,1,everyday_bureaucracy_25_0001_0031,8.76,medium_5_to_10s,1:everyday_bureaucracy_25_0001_0031
Digital-Divide-Data/khmer-speech-dataset,train,591,f-adt1-0005_khm_everyday_bureaucracy_25_0001_0032.wav,ការធ្វើដំណើរក្នុងជីវិតប្រៀបដូចជាការធ្វើដំណើរផ្លូវឆ្ងាយដែលតម្រូវឱ្យយើងមានការតាំងចិត្តនិងការតស៊ូព្យាយាមបំផុត។,ការធ្វើដំណើរក្នុងជីវិតប្រៀបដូចជាការធ្វើដំណើរផ្លូវឆ្ងាយដែលតម្រូវឱ្យយើងមានការតាំងចិត្តនិងការតស៊ូព្យាយាមបំផុត។,f-adt1-0005,Everyday Bureaucracy,ការអបអរសាទរជ័យជម្នះតូចៗដូចជាកង់ថ្មី ឬការងារថ្មី,1,everyday_bureaucracy_25_0001_0032,8.25,medium_5_to_10s,1:everyday_bureaucracy_25_0001_0032
Digital-Divide-Data/khmer-speech-dataset,train,660,f-adt1-0005_khm_everyday_bureaucracy_25_0001_0033.wav,អបអរសាទរចំពោះការងារថ្មីគឺជាការផ្ដល់ថាមពលបន្ថែមដើម្បីឱ្យយើងអាចប្រឈមមុខនឹងការងារថ្មីៗដោយភាពជឿជាក់បំផុត។,អបអរសាទរចំពោះការងារថ្មីគឺជាការផ្ដល់ថាមពលបន្ថែមដើម្បីឱ្យយើងអាចប្រឈមមុខនឹងការងារថ្មីៗដោយភាពជឿជាក់បំផុត។,f-adt1-0005,Everyday Bureaucracy,ការអបអរសាទរជ័យជម្នះតូចៗដូចជាកង់ថ្មី ឬការងារថ្មី,1,everyday_bureaucracy_25_0001_0033,9.18,medium_5_to_10s,1:everyday_bureaucracy_25_0001_0033
Digital-Divide-Data/khmer-speech-dataset,train,598,f-adt1-0005_khm_everyday_bureaucracy_25_0001_0034.wav,ការចេះផ្ដល់កម្លាំងចិត្តឱ្យខ្លួនឯងតាមរយៈការរីករាយនឹងជ័យជម្នះតូចៗគឺជាការកាត់បន្ថយភាពហត់នឿយសម្រាប់ការតស៊ូក្នុងជីវិតរស់នៅ។,ការចេះផ្ដល់កម្លាំងចិត្តឱ្យខ្លួនឯងតាមរយៈការរីករាយនឹងជ័យជម្នះតូចៗគឺជាការកាត់បន្ថយភាពហត់នឿយសម្រាប់ការតស៊ូក្នុងជីវិតរស់នៅ។,f-adt1-0005,Everyday Bureaucracy,ការអបអរសាទរជ័យជម្នះតូចៗដូចជាកង់ថ្មី ឬការងារថ្មី,1,everyday_bureaucracy_25_0001_0034,8.68,medium_5_to_10s,1:everyday_bureaucracy_25_0001_0034
Digital-Divide-Data/khmer-speech-dataset,train,539,f-adt1-0005_khm_everyday_bureaucracy_25_0001_0040.wav,ការមានកង់ថ្មីជួយឱ្យការធ្វើដំណើរទៅធ្វើការកាន់តែមានភាពងាយស្រួលនិងចំណេញពេលវេលាបានច្រើនជាងមុនសម្រាប់ការប្រកបរបរចិញ្ចឹមជីវិត។,ការមានកង់ថ្មីជួយឱ្យការធ្វើដំណើរទៅធ្វើការកាន់តែមានភាពងាយស្រួលនិងចំណេញពេលវេលាបានច្រើនជាងមុនសម្រាប់ការប្រកបរបរចិញ្ចឹមជីវិត។,f-adt1-0005,Everyday Bureaucracy,ការអបអរសាទរជ័យជម្នះតូចៗដូចជាកង់ថ្មី ឬការងារថ្មី,1,everyday_bureaucracy_25_0001_0040,9.23,medium_5_to_10s,1:everyday_bureaucracy_25_0001_0040
Digital-Divide-Data/khmer-speech-dataset,train,670,f-adt1-0005_khm_everyday_bureaucracy_25_0001_0044.wav,ការមានភាពស្វាហាប់ក្នុងការបំពេញការងារថ្មីនឹងជួយឱ្យយើងទទួលបានការទទួលស្គាល់ពីថ្នាក់ដឹកនាំនិងមិត្តរួមការងារគ្រប់គ្នាជានិច្ច។,ការមានភាពស្វាហាប់ក្នុងការបំពេញការងារថ្មីនឹងជួយឱ្យយើងទទួលបានការទទួលស្គាល់ពីថ្នាក់ដឹកនាំនិងមិត្តរួមការងារគ្រប់គ្នាជានិច្ច។,f-adt1-0005,Everyday Bureaucracy,ការអបអរសាទរជ័យជម្នះតូចៗដូចជាកង់ថ្មី ឬការងារថ្មី,1,everyday_bureaucracy_25_0001_0044,8.9,medium_5_to_10s,1:everyday_bureaucracy_25_0001_0044
Digital-Divide-Data/khmer-speech-dataset,train,462,f-adt1-0005_khm_everyday_bureaucracy_25_0001_0046.wav,ការសម្រេចបាននូវគោលដៅសន្សំប្រាក់ដើម្បីទិញកង់ថ្មីគឺជាការបង្ហាញពីភាពច្បាស់លាស់ក្នុងគោលដៅហិរញ្ញវត្ថុផ្ទាល់ខ្លួនដ៏ល្អបំផុត។,ការសម្រេចបាននូវគោលដៅសន្សំប្រាក់ដើម្បីទិញកង់ថ្មីគឺជាការបង្ហាញពីភាពច្បាស់លាស់ក្នុងគោលដៅហិរញ្ញវត្ថុផ្ទាល់ខ្លួនដ៏ល្អបំផុត។,f-adt1-0005,Everyday Bureaucracy,ការអបអរសាទរជ័យជម្នះតូចៗដូចជាកង់ថ្មី ឬការងារថ្មី,1,everyday_bureaucracy_25_0001_0046,8.81,medium_5_to_10s,1:everyday_bureaucracy_25_0001_0046
Digital-Divide-Data/khmer-speech-dataset,train,863,f-adt1-0005_khm_everyday_bureaucracy_25_0001_0047.wav,ជីវិតនឹងកាន់តែមានន័យនៅពេលដែលយើងចេះផ្ដល់តម្លៃឱ្យរាល់ការរីកចម្រើនទោះបីជាវាគឺជាការរីកចម្រើនបន្តិចបន្តួចក្តីសម្រាប់ការរស់នៅ។,ជីវិតនឹងកាន់តែមានន័យនៅពេលដែលយើងចេះផ្ដល់តម្លៃឱ្យរាល់ការរីកចម្រើនទោះបីជាវាគឺជាការរីកចម្រើនបន្តិចបន្តួចក្តីសម្រាប់ការរស់នៅ។,f-adt1-0005,Everyday Bureaucracy,ការអបអរសាទរជ័យជម្នះតូចៗដូចជាកង់ថ្មី ឬការងារថ្មី,1,everyday_bureaucracy_25_0001_0047,9.85,medium_5_to_10s,1:everyday_bureaucracy_25_0001_0047
Digital-Divide-Data/khmer-speech-dataset,train,535,f-adt1-0005_khm_everyday_bureaucracy_25_0001_0049.wav,រក្សាចង្វាក់នៃភាពជោគជ័យឱ្យបានល្អដើម្បីកុំឱ្យបាត់បង់នូវកម្លាំងរុញច្រានដែលមានសម្រាប់ការតស៊ូនៅក្នុងខ្លួនរបស់យើងម្នាក់ៗជានិច្ច។,រក្សាចង្វាក់នៃភាពជោគជ័យឱ្យបានល្អដើម្បីកុំឱ្យបាត់បង់នូវកម្លាំងរុញច្រានដែលមានសម្រាប់ការតស៊ូនៅក្នុងខ្លួនរបស់យើងម្នាក់ៗជានិច្ច។,f-adt1-0005,Everyday Bureaucracy,ការអបអរសាទរជ័យជម្នះតូចៗដូចជាកង់ថ្មី ឬការងារថ្មី,1,everyday_bureaucracy_25_0001_0049,9.29,medium_5_to_10s,1:everyday_bureaucracy_25_0001_0049
Digital-Divide-Data/khmer-speech-dataset,train,525,f-adt1-0005_khm_everyday_bureaucracy_25_0001_0050.wav,ការផ្ដល់រង្វាន់ជាកង់ថ្មីដល់ខ្លួនឯងគឺជាការដឹងគុណចំពោះរាល់ការលះបង់និងភាពហត់នឿយដែលយើងបានឆ្លងកាត់មកសម្រាប់ការកសាងជីវិត។,ការផ្ដល់រង្វាន់ជាកង់ថ្មីដល់ខ្លួនឯងគឺជាការដឹងគុណចំពោះរាល់ការលះបង់និងភាពហត់នឿយដែលយើងបានឆ្លងកាត់មកសម្រាប់ការកសាងជីវិត។,f-adt1-0005,Everyday Bureaucracy,ការអបអរសាទរជ័យជម្នះតូចៗដូចជាកង់ថ្មី ឬការងារថ្មី,1,everyday_bureaucracy_25_0001_0050,9.71,medium_5_to_10s,1:everyday_bureaucracy_25_0001_0050
Digital-Divide-Data/khmer-speech-dataset,train,515,f-adt1-0005_khm_everyday_bureaucracy_25_0001_0056.wav,ការចេះដឹងគុណចំពោះអ្វីដែលខ្លួនមានគឺជាគន្លឹះសំខាន់ដែលនាំមកនូវសេចក្ដីសុខនិងភាពរីករាយសម្រាប់ការរស់នៅក្នុងជីវិតប្រចាំថ្ងៃ។,ការចេះដឹងគុណចំពោះអ្វីដែលខ្លួនមានគឺជាគន្លឹះសំខាន់ដែលនាំមកនូវសេចក្ដីសុខនិងភាពរីករាយសម្រាប់ការរស់នៅក្នុងជីវិតប្រចាំថ្ងៃ។,f-adt1-0005,Everyday Bureaucracy,ការអបអរសាទរជ័យជម្នះតូចៗដូចជាកង់ថ្មី ឬការងារថ្មី,1,everyday_bureaucracy_25_0001_0056,8.95,medium_5_to_10s,1:everyday_bureaucracy_25_0001_0056
Digital-Divide-Data/khmer-speech-dataset,train,490,f-adt1-0005_khm_everyday_bureaucracy_25_0001_0057.wav,ពេញចិត្តនឹងកង់ថ្មីដែលយើងមានយើងនឹងឈប់សម្លឹងមើលអ្វីដែលអ្នកដទៃមានសម្រាប់ការប្រើប្រាស់ដោយភាពច្រណែនឈ្នានីសជាដាច់ខាតក្នុងចិត្ត។,ពេញចិត្តនឹងកង់ថ្មីដែលយើងមានយើងនឹងឈប់សម្លឹងមើលអ្វីដែលអ្នកដទៃមានសម្រាប់ការប្រើប្រាស់ដោយភាពច្រណែនឈ្នានីសជាដាច់ខាតក្នុងចិត្ត។,f-adt1-0005,Everyday Bureaucracy,ការអបអរសាទរជ័យជម្នះតូចៗដូចជាកង់ថ្មី ឬការងារថ្មី,1,everyday_bureaucracy_25_0001_0057,9.54,medium_5_to_10s,1:everyday_bureaucracy_25_0001_0057
Digital-Divide-Data/khmer-speech-dataset,train,133,f-adt1-0005_khm_pursuing_hobbies_46_0001_0002.wav,ការសរសេរកំណត់ហេតុជួយឱ្យយើងមានឱកាសបញ្ចេញនូវអារម្មណ៍តានតឹងដែលលាក់ទុកក្នុងចិត្តមកលើក្រដាស។,ការសរសេរកំណត់ហេតុជួយឱ្យយើងមានឱកាសបញ្ចេញនូវអារម្មណ៍តានតឹងដែលលាក់ទុកក្នុងចិត្តមកលើក្រដាស។,f-adt1-0005,Pursuing Hobbies,"ការសរសេរកំណត់ហេតុដើម្បីសុខភាពផ្លូវចិត្ត
Journaling for Mental Health",1,pursuing_hobbies_46_0001_0002,6.85,medium_5_to_10s,1:pursuing_hobbies_46_0001_0002
Digital-Divide-Data/khmer-speech-dataset,train,315,f-adt1-0005_khm_pursuing_hobbies_46_0001_0012.wav,វាជួយឱ្យយើងមានភាពឆ្លាតវៃផ្នែកអារម្មណ៍  តាមរយៈការរៀនគ្រប់គ្រង និងស្វែងយល់ពីប្រភពនៃកំហឹង ឬការឈឺចាប់។,វាជួយឱ្យយើងមានភាពឆ្លាតវៃផ្នែកអារម្មណ៍ តាមរយៈការរៀនគ្រប់គ្រង និងស្វែងយល់ពីប្រភពនៃកំហឹង ឬការឈឺចាប់។,f-adt1-0005,Pursuing Hobbies,"ការសរសេរកំណត់ហេតុដើម្បីសុខភាពផ្លូវចិត្ត
Journaling for Mental Health",1,pursuing_hobbies_46_0001_0012,7.77,medium_5_to_10s,1:pursuing_hobbies_46_0001_0012
Digital-Divide-Data/khmer-speech-dataset,train,203,f-adt1-0005_khm_pursuing_hobbies_46_0001_0016.wav,មូលហេតុមួយទៀតគឺវាជួយកាត់បន្ថយការមានអារម្មណ៍ឆេវឆាវ ព្រោះយើងបានដោះស្រាយវាដោយសន្តិវិធីលើក្រដាសរួចហើយ។,មូលហេតុមួយទៀតគឺវាជួយកាត់បន្ថយការមានអារម្មណ៍ឆេវឆាវ ព្រោះយើងបានដោះស្រាយវាដោយសន្តិវិធីលើក្រដាសរួចហើយ។,f-adt1-0005,Pursuing Hobbies,"ការសរសេរកំណត់ហេតុដើម្បីសុខភាពផ្លូវចិត្ត
Journaling for Mental Health",1,pursuing_hobbies_46_0001_0016,7.87,medium_5_to_10s,1:pursuing_hobbies_46_0001_0016
Digital-Divide-Data/khmer-speech-dataset,train,593,f-adt1-0005_khm_pursuing_hobbies_46_0001_0044.wav,ការកត់ត្រានូវសុបិន ឬអារម្មណ៍ដែលកើតមានក្រោយពេលភ្ញាក់ពីគេង ជួយឱ្យយើងយល់ពីចិត្តរបស់ខ្លួនឯង។,ការកត់ត្រានូវសុបិន ឬអារម្មណ៍ដែលកើតមានក្រោយពេលភ្ញាក់ពីគេង ជួយឱ្យយើងយល់ពីចិត្តរបស់ខ្លួនឯង។,f-adt1-0005,Pursuing Hobbies,"ការសរសេរកំណត់ហេតុដើម្បីសុខភាពផ្លូវចិត្ត
Journaling for Mental Health",1,pursuing_hobbies_46_0001_0044,7.04,medium_5_to_10s,1:pursuing_hobbies_46_0001_0044
Digital-Divide-Data/khmer-speech-dataset,train,344,f-adt2-0002_khm_culinary_superstitions_07_0001_0043.wav,ការមានស្មារតីភ្ញាក់រលឹកក្នុងការគ្របម្ហូបឱ្យបានជិតល្អនឹងធ្វើឱ្យបរិយាកាសក្នុងផ្ទះមានភាពកក់ក្តៅ និងមិនមានភាពតានតឹងខាងផ្លូវចិត្ត។,ការមានស្មារតីភ្ញាក់រលឹកក្នុងការគ្របម្ហូបឱ្យបានជិតល្អនឹងធ្វើឱ្យបរិយាកាសក្នុងផ្ទះមានភាពកក់ក្តៅ និងមិនមានភាពតានតឹងខាងផ្លូវចិត្ត។,f-adt2-0002,Culinary Superstitions,"Covering food at night to avoid attracting bad spirits
គ្រប​អាហារ​នៅ​ពេល​យប់​ដើម្បី​ជៀសវាង​ការ​ទាក់ទាញ​វិញ្ញាណ​អាក្រក់",1,culinary_superstitions_07_0001_0043,8.84,medium_5_to_10s,1:culinary_superstitions_07_0001_0043
Digital-Divide-Data/khmer-speech-dataset,train,592,f-adt2-0002_khm_culinary_superstitions_07_0001_0046.wav,នៅពេលដែលពន្លឺព្រះអាទិត្យលិចបាត់ទៅពិភពងងឹតចាប់ផ្តើមមានអំណាច ដូច្នេះការគ្របអាហារ គឺជាកិច្ចការពារដ៏ចាំបាច់បំផុត។,នៅពេលដែលពន្លឺព្រះអាទិត្យលិចបាត់ទៅពិភពងងឹតចាប់ផ្តើមមានអំណាច ដូច្នេះការគ្របអាហារ គឺជាកិច្ចការពារដ៏ចាំបាច់បំផុត។,f-adt2-0002,Culinary Superstitions,"Covering food at night to avoid attracting bad spirits
គ្រប​អាហារ​នៅ​ពេល​យប់​ដើម្បី​ជៀសវាង​ការ​ទាក់ទាញ​វិញ្ញាណ​អាក្រក់",1,culinary_superstitions_07_0001_0046,8.9,medium_5_to_10s,1:culinary_superstitions_07_0001_0046
Digital-Divide-Data/khmer-speech-dataset,train,327,f-adt2-0002_khm_culinary_superstitions_07_0001_0048.wav,តាមជំនឿខ្មែរប្រសិនបើយើងធ្វើឱ្យផ្ទះបាយមានភាពរញ៉េរញ៉ៃនោះទេវតានឹងមិនសព្វព្រះទ័យមកស្នាក់នៅ ឬជួយថែរក្សាយើងឡើយ។,តាមជំនឿខ្មែរប្រសិនបើយើងធ្វើឱ្យផ្ទះបាយមានភាពរញ៉េរញ៉ៃនោះទេវតានឹងមិនសព្វព្រះទ័យមកស្នាក់នៅ ឬជួយថែរក្សាយើងឡើយ។,f-adt2-0002,Culinary Superstitions,"Covering food at night to avoid attracting bad spirits
គ្រប​អាហារ​នៅ​ពេល​យប់​ដើម្បី​ជៀសវាង​ការ​ទាក់ទាញ​វិញ្ញាណ​អាក្រក់",1,culinary_superstitions_07_0001_0048,8.96,medium_5_to_10s,1:culinary_superstitions_07_0001_0048
Digital-Divide-Data/khmer-speech-dataset,train,216,f-adt2-0002_khm_culinary_superstitions_07_0001_0049.wav,ការដាស់តឿនឱ្យមានការគ្របម្ហូបអាហារនេះក៏ជាវិធីសាស្រ្តមួយក្នុងការបង្រៀនកូនចៅឱ្យមានភាពហ្មត់ចត់ និងការទទួលខុសត្រូវខ្ពស់។,ការដាស់តឿនឱ្យមានការគ្របម្ហូបអាហារនេះក៏ជាវិធីសាស្រ្តមួយក្នុងការបង្រៀនកូនចៅឱ្យមានភាពហ្មត់ចត់ និងការទទួលខុសត្រូវខ្ពស់។,f-adt2-0002,Culinary Superstitions,"Covering food at night to avoid attracting bad spirits
គ្រប​អាហារ​នៅ​ពេល​យប់​ដើម្បី​ជៀសវាង​ការ​ទាក់ទាញ​វិញ្ញាណ​អាក្រក់",1,culinary_superstitions_07_0001_0049,8.2,medium_5_to_10s,1:culinary_superstitions_07_0001_0049
Digital-Divide-Data/khmer-speech-dataset,train,773,f-adt2-0002_khm_culinary_superstitions_07_0001_0054.wav,ការយល់ឃើញថាការគ្របអាហារជារឿងតូចតាច គឺជាការយល់ច្រឡំមួយ ព្រោះវាគឺជាចំណុចស្នូលនៃសុវត្ថិភាពផ្លូវងងឹតក្នុងគ្រួសារ។,ការយល់ឃើញថាការគ្របអាហារជារឿងតូចតាច គឺជាការយល់ច្រឡំមួយ ព្រោះវាគឺជាចំណុចស្នូលនៃសុវត្ថិភាពផ្លូវងងឹតក្នុងគ្រួសារ។,f-adt2-0002,Culinary Superstitions,"Covering food at night to avoid attracting bad spirits
គ្រប​អាហារ​នៅ​ពេល​យប់​ដើម្បី​ជៀសវាង​ការ​ទាក់ទាញ​វិញ្ញាណ​អាក្រក់",1,culinary_superstitions_07_0001_0054,8.35,medium_5_to_10s,1:culinary_superstitions_07_0001_0054
Digital-Divide-Data/khmer-speech-dataset,train,335,f-adt2-0002_khm_culinary_superstitions_07_0001_0059.wav,នៅពេលដែលយើងចេះការពារអាហារពីការយាយីរបស់ពួកអមនុស្សនោះយើងនឹងទទួលបាននូវសេចក្តីសុខសាន្តក្នុងដំណេកជានិច្ច។,នៅពេលដែលយើងចេះការពារអាហារពីការយាយីរបស់ពួកអមនុស្សនោះយើងនឹងទទួលបាននូវសេចក្តីសុខសាន្តក្នុងដំណេកជានិច្ច។,f-adt2-0002,Culinary Superstitions,"Covering food at night to avoid attracting bad spirits
គ្រប​អាហារ​នៅ​ពេល​យប់​ដើម្បី​ជៀសវាង​ការ​ទាក់ទាញ​វិញ្ញាណ​អាក្រក់",1,culinary_superstitions_07_0001_0059,8.38,medium_5_to_10s,1:culinary_superstitions_07_0001_0059
Digital-Divide-Data/khmer-speech-dataset,train,478,f-adt2-0002_khm_culinary_superstitions_07_0001_0060.wav,រាល់កិច្ចការងារទាំងឡាយដែលទាក់ទងនឹងការរក្សាអនាម័យ និងជំនឿ គឺជាកម្លាំងរុញច្រានឱ្យជីវិតមានភាពរីកចម្រើនទៅមុខ។,រាល់កិច្ចការងារទាំងឡាយដែលទាក់ទងនឹងការរក្សាអនាម័យ និងជំនឿ គឺជាកម្លាំងរុញច្រានឱ្យជីវិតមានភាពរីកចម្រើនទៅមុខ។,f-adt2-0002,Culinary Superstitions,"Covering food at night to avoid attracting bad spirits
គ្រប​អាហារ​នៅ​ពេល​យប់​ដើម្បី​ជៀសវាង​ការ​ទាក់ទាញ​វិញ្ញាណ​អាក្រក់",1,culinary_superstitions_07_0001_0060,7.56,medium_5_to_10s,1:culinary_superstitions_07_0001_0060
Digital-Divide-Data/khmer-speech-dataset,train,415,f-adt2-0002_khm_culinary_superstitions_07_0001_0062.wav,មរតកនៃដំបូន្មានរបស់ដូនតាខ្មែរនៅតែមានតម្លៃជានិច្ចទោះបីជាសម័យកាលមានការប្រែប្រួលទៅតាមបច្ចេកវិទ្យាយ៉ាងណាក៏ដោយ។,មរតកនៃដំបូន្មានរបស់ដូនតាខ្មែរនៅតែមានតម្លៃជានិច្ចទោះបីជាសម័យកាលមានការប្រែប្រួលទៅតាមបច្ចេកវិទ្យាយ៉ាងណាក៏ដោយ។,f-adt2-0002,Culinary Superstitions,"Covering food at night to avoid attracting bad spirits
គ្រប​អាហារ​នៅ​ពេល​យប់​ដើម្បី​ជៀសវាង​ការ​ទាក់ទាញ​វិញ្ញាណ​អាក្រក់",1,culinary_superstitions_07_0001_0062,8.21,medium_5_to_10s,1:culinary_superstitions_07_0001_0062
Digital-Divide-Data/khmer-speech-dataset,train,473,f-adt2-0002_khm_culinary_superstitions_07_0001_0064.wav,សូមកុំភ្លេចថាការរស់នៅដោយមានរបៀបរៀបរយ គឺជាគន្លឹះសំខាន់មួយក្នុងការកសាងអនាគតដ៏ភ្លឺស្វាងសម្រាប់កូនចៅជំនាន់ក្រោយ។,សូមកុំភ្លេចថាការរស់នៅដោយមានរបៀបរៀបរយ គឺជាគន្លឹះសំខាន់មួយក្នុងការកសាងអនាគតដ៏ភ្លឺស្វាងសម្រាប់កូនចៅជំនាន់ក្រោយ។,f-adt2-0002,Culinary Superstitions,"Covering food at night to avoid attracting bad spirits
គ្រប​អាហារ​នៅ​ពេល​យប់​ដើម្បី​ជៀសវាង​ការ​ទាក់ទាញ​វិញ្ញាណ​អាក្រក់",1,culinary_superstitions_07_0001_0064,7.66,medium_5_to_10s,1:culinary_superstitions_07_0001_0064
Digital-Divide-Data/khmer-speech-dataset,train,855,f-adt2-0002_khm_culinary_superstitions_07_0001_0066.wav,ភាពជឿជាក់លើផ្លូវធម៌ និងការណែនាំពីបុរាណនឹងនាំមកនូវក្តីសង្ឃឹម និងភាពជឿជាក់លើការរស់នៅដោយមានសុវត្ថិភាពបំផុត។,ភាពជឿជាក់លើផ្លូវធម៌ និងការណែនាំពីបុរាណនឹងនាំមកនូវក្តីសង្ឃឹម និងភាពជឿជាក់លើការរស់នៅដោយមានសុវត្ថិភាពបំផុត។,f-adt2-0002,Culinary Superstitions,"Covering food at night to avoid attracting bad spirits
គ្រប​អាហារ​នៅ​ពេល​យប់​ដើម្បី​ជៀសវាង​ការ​ទាក់ទាញ​វិញ្ញាណ​អាក្រក់",1,culinary_superstitions_07_0001_0066,7.39,medium_5_to_10s,1:culinary_superstitions_07_0001_0066
Digital-Divide-Data/khmer-speech-dataset,train,736,f-adt2-0002_khm_culinary_superstitions_07_0001_0068.wav,ទម្លាប់ដ៏ល្អនេះនឹងជួយឱ្យយើងជៀសផុតពីការរំខាននៃពពួកអមនុស្ស និងនាំមកនូវសេចក្តីសុខសាន្តក្នុងចិត្តជារៀងរាល់ថ្ងៃ។,ទម្លាប់ដ៏ល្អនេះនឹងជួយឱ្យយើងជៀសផុតពីការរំខាននៃពពួកអមនុស្ស និងនាំមកនូវសេចក្តីសុខសាន្តក្នុងចិត្តជារៀងរាល់ថ្ងៃ។,f-adt2-0002,Culinary Superstitions,"Covering food at night to avoid attracting bad spirits
គ្រប​អាហារ​នៅ​ពេល​យប់​ដើម្បី​ជៀសវាង​ការ​ទាក់ទាញ​វិញ្ញាណ​អាក្រក់",1,culinary_superstitions_07_0001_0068,7.22,medium_5_to_10s,1:culinary_superstitions_07_0001_0068
Digital-Divide-Data/khmer-speech-dataset,train,852,f-adt2-0002_khm_culinary_superstitions_07_0001_0070.wav,រាល់ការខិតខំប្រឹងប្រែងរបស់យើងក្នុងការការពារផ្ទះសម្បែងនឹងទទួលបានមកវិញនូវភាពត្រជាក់ត្រជុំ និងសេចក្តីសុខជាអង្វែងតទៅ។,រាល់ការខិតខំប្រឹងប្រែងរបស់យើងក្នុងការការពារផ្ទះសម្បែងនឹងទទួលបានមកវិញនូវភាពត្រជាក់ត្រជុំ និងសេចក្តីសុខជាអង្វែងតទៅ។,f-adt2-0002,Culinary Superstitions,"Covering food at night to avoid attracting bad spirits
គ្រប​អាហារ​នៅ​ពេល​យប់​ដើម្បី​ជៀសវាង​ការ​ទាក់ទាញ​វិញ្ញាណ​អាក្រក់",1,culinary_superstitions_07_0001_0070,7.76,medium_5_to_10s,1:culinary_superstitions_07_0001_0070
Digital-Divide-Data/khmer-speech-dataset,train,556,f-adt2-0002_khm_culinary_superstitions_07_0001_0074.wav,ចូររក្សានូវទំនៀមទម្លាប់ដ៏ប្រពៃនេះឱ្យនៅស្ថិតស្ថេរដើម្បីជាផ្លូវសម្រាប់ក្មេងជំនាន់ក្រោយយកទៅអនុវត្តតាមតទៅមុខ។,ចូររក្សានូវទំនៀមទម្លាប់ដ៏ប្រពៃនេះឱ្យនៅស្ថិតស្ថេរដើម្បីជាផ្លូវសម្រាប់ក្មេងជំនាន់ក្រោយយកទៅអនុវត្តតាមតទៅមុខ។,f-adt2-0002,Culinary Superstitions,"Covering food at night to avoid attracting bad spirits
គ្រប​អាហារ​នៅ​ពេល​យប់​ដើម្បី​ជៀសវាង​ការ​ទាក់ទាញ​វិញ្ញាណ​អាក្រក់",1,culinary_superstitions_07_0001_0074,7.0,medium_5_to_10s,1:culinary_superstitions_07_0001_0074
Digital-Divide-Data/khmer-speech-dataset,train,434,f-adt2-0002_khm_culinary_superstitions_07_0001_0077.wav,ការបញ្ចប់សកម្មភាពក្នុងថ្ងៃនេះដោយការទុកដាក់ម្ហូបអាហារឱ្យមានរបៀប គឺជាការបិទបញ្ចប់ថ្ងៃដ៏មានអត្ថន័យ និងពោពេញដោយសិរីសួស្តី។,ការបញ្ចប់សកម្មភាពក្នុងថ្ងៃនេះដោយការទុកដាក់ម្ហូបអាហារឱ្យមានរបៀប គឺជាការបិទបញ្ចប់ថ្ងៃដ៏មានអត្ថន័យ និងពោពេញដោយសិរីសួស្តី។,f-adt2-0002,Culinary Superstitions,"Covering food at night to avoid attracting bad spirits
គ្រប​អាហារ​នៅ​ពេល​យប់​ដើម្បី​ជៀសវាង​ការ​ទាក់ទាញ​វិញ្ញាណ​អាក្រក់",1,culinary_superstitions_07_0001_0077,8.44,medium_5_to_10s,1:culinary_superstitions_07_0001_0077
Digital-Divide-Data/khmer-speech-dataset,train,68,f-adt2-0002_khm_history_22_0001_0046.wav,ការធានាអំណាចមានន័យថា ដើម្បីរក្សាអំណាចដាច់ខាត និងលុបបំបាត់រាល់ការគំរាមកំហែងផ្ទៃក្នុង។,ការធានាអំណាចមានន័យថា ដើម្បីរក្សាអំណាចដាច់ខាត និងលុបបំបាត់រាល់ការគំរាមកំហែងផ្ទៃក្នុង។,f-adt2-0002,History,"""រៀបរាប់ អំពីប្រព័ន្ធសន្តិសុខ ​ក្នុងសម័យខ្មែរក្រហម
- មន្ទីរសន្តិសុខ
- ខ្មាំងរបស់អង្គការ""",1,history_22_0001_0046,5.78,medium_5_to_10s,1:history_22_0001_0046
Digital-Divide-Data/khmer-speech-dataset,train,170,f-adt2-0002_khm_history_22_0001_0049.wav,ការរក្សាការសម្ងាត់សំដៅដល់ ការធ្វើឱ្យមនុស្សមិនហ៊ាននិយាយគ្នាទៅវិញទៅមក ព្រោះខ្លាចត្រូវបានចោទប្រកាន់។,ការរក្សាការសម្ងាត់សំដៅដល់ ការធ្វើឱ្យមនុស្សមិនហ៊ាននិយាយគ្នាទៅវិញទៅមក ព្រោះខ្លាចត្រូវបានចោទប្រកាន់។,f-adt2-0002,History,"""រៀបរាប់ អំពីប្រព័ន្ធសន្តិសុខ ​ក្នុងសម័យខ្មែរក្រហម
- មន្ទីរសន្តិសុខ
- ខ្មាំងរបស់អង្គការ""",1,history_22_0001_0049,6.54,medium_5_to_10s,1:history_22_0001_0049
Digital-Divide-Data/khmer-speech-dataset,train,822,f-adt2-0002_khm_history_22_0001_0052.wav,ដូច្នេះ លទ្ធផលនៃប្រព័ន្ធសន្តិសុខដ៏ឃោរឃៅនេះគឺការស្លាប់បាត់បង់ជីវិតមនុស្សប្រមាណ ២ លាននាក់ ។,ដូច្នេះ លទ្ធផលនៃប្រព័ន្ធសន្តិសុខដ៏ឃោរឃៅនេះគឺការស្លាប់បាត់បង់ជីវិតមនុស្សប្រមាណ ២ លាននាក់ ។,f-adt2-0002,History,"""រៀបរាប់ អំពីប្រព័ន្ធសន្តិសុខ ​ក្នុងសម័យខ្មែរក្រហម
- មន្ទីរសន្តិសុខ
- ខ្មាំងរបស់អង្គការ""",1,history_22_0001_0052,6.14,medium_5_to_10s,1:history_22_0001_0052
Digital-Divide-Data/khmer-speech-dataset,train,167,f-adt2-0002_khm_history_22_0001_0055.wav,វាក៏ជាផ្នែកមួយដ៏ខ្មៅងងឹតបំផុតនៃប្រវត្តិសាស្ត្រកម្ពុជាផងដែរ។,វាក៏ជាផ្នែកមួយដ៏ខ្មៅងងឹតបំផុតនៃប្រវត្តិសាស្ត្រកម្ពុជាផងដែរ។,f-adt2-0002,History,"""រៀបរាប់ អំពីប្រព័ន្ធសន្តិសុខ ​ក្នុងសម័យខ្មែរក្រហម
- មន្ទីរសន្តិសុខ
- ខ្មាំងរបស់អង្គការ""",1,history_22_0001_0055,4.35,short_lt_5s,1:history_22_0001_0055
Digital-Divide-Data/khmer-speech-dataset,train,796,f-adt2-0002_khm_history_75_0001_0019.wav,ដំណាក់កាលនៃរចនាបថបាខែង បានកសាងឡើងនៅក្នុងរជ្ជកាលព្រះបាទ យសោវរ្ម័នទី១ (គ.ស. ៨៨៩ ដល់ គ.ស.៩០០)។,ដំណាក់កាលនៃរចនាបថបាខែង បានកសាងឡើងនៅក្នុងរជ្ជកាលព្រះបាទ យសោវរ្ម័នទី១ (គ.ស. ៨៨៩ ដល់ គ.ស.៩០០)។,f-adt2-0002,History,រៀបរាប់អំពី សិល្បៈស្ថាបត្យកម្មខ្មែរសម័យអង្គរ (ស.វ ទី៩ ដល់ ស.វ ទី ១៣)- រចនាបថបាខែង (គ.ស ៨៨៩ ដល់ គ.ស ៩១២ ភាគ៤ចុងស.វទី ៩ និងដើមស.វ ទី១០),1,history_75_0001_0019,10.6025,long_gt_10s,1:history_75_0001_0019
Digital-Divide-Data/khmer-speech-dataset,train,400,f-adt2-0002_khm_history_75_0001_0022.wav,គេអាចរាប់បញ្ចូលប្រាសាទពីរទៀត ដែលស្ថិតនៅក្នុងរចនាបថនេះផងដែរ គឺ ប្រាសាទក្រវាន់ និង ប្រាសាទបក្សីចាំក្រុង ។,គេអាចរាប់បញ្ចូលប្រាសាទពីរទៀត ដែលស្ថិតនៅក្នុងរចនាបថនេះផងដែរ គឺ ប្រាសាទក្រវាន់ និង ប្រាសាទបក្សីចាំក្រុង ។,f-adt2-0002,History,រៀបរាប់អំពី សិល្បៈស្ថាបត្យកម្មខ្មែរសម័យអង្គរ (ស.វ ទី៩ ដល់ ស.វ ទី ១៣)- រចនាបថបាខែង (គ.ស ៨៨៩ ដល់ គ.ស ៩១២ ភាគ៤ចុងស.វទី ៩ និងដើមស.វ ទី១០),1,history_75_0001_0022,8.07,medium_5_to_10s,1:history_75_0001_0022
Digital-Divide-Data/khmer-speech-dataset,train,42,f-adt2-0002_khm_life_as_a_fisherman_in_cambodia_19_0001_0009.wav,នេះធ្វើឱ្យអ្នកនេសាទពិបាករកត្រី ហើយត្រូវការពេលវេលា និងការចំណាយច្រើនជាងមុនដើម្បីទទួលបានត្រីគ្រប់គ្រាន់សម្រាប់ជីវភាព។,នេះធ្វើឱ្យអ្នកនេសាទពិបាករកត្រី ហើយត្រូវការពេលវេលា និងការចំណាយច្រើនជាងមុនដើម្បីទទួលបានត្រីគ្រប់គ្រាន់សម្រាប់ជីវភាព។,f-adt2-0002,Life as a Fisherman in Cambodia,Border-Water Diplomacy – Cambodian-Vietnamese fishing lines,1,life_as_a_fisherman_in_cambodia_19_0001_0009,7.3,medium_5_to_10s,1:life_as_a_fisherman_in_cambodia_19_0001_0009
Digital-Divide-Data/khmer-speech-dataset,train,45,f-adt2-0002_khm_life_as_a_fisherman_in_cambodia_19_0001_0036.wav,ភាគីទាំងពីរគួរតែបន្តការចរចាដោយភាពបត់បែន និងស្មារតីយោគយល់គ្នា ដើម្បីសម្រេចឱ្យបាននូវការកំណត់ខ្សែបន្ទាត់ព្រំដែនទឹកផ្លូវការដែលទទួលស្គាល់ដោយភាគីទាំងសងខាង។,ភាគីទាំងពីរគួរតែបន្តការចរចាដោយភាពបត់បែន និងស្មារតីយោគយល់គ្នា ដើម្បីសម្រេចឱ្យបាននូវការកំណត់ខ្សែបន្ទាត់ព្រំដែនទឹកផ្លូវការដែលទទួលស្គាល់ដោយភាគីទាំងសងខាង។,f-adt2-0002,Life as a Fisherman in Cambodia,Border-Water Diplomacy – Cambodian-Vietnamese fishing lines,1,life_as_a_fisherman_in_cambodia_19_0001_0036,9.7,medium_5_to_10s,1:life_as_a_fisherman_in_cambodia_19_0001_0036
Digital-Divide-Data/khmer-speech-dataset,train,357,f-adt2-0002_khm_social_media_10_0001_0032.wav,ជាពិសេស អ្នកត្រូវរៀនដឹងគុណចំពោះអ្វីដែលអ្នកមាន និងភាពជោគជ័យតូចៗក្នុងជីវិតរបស់អ្នក។,ជាពិសេស អ្នកត្រូវរៀនដឹងគុណចំពោះអ្វីដែលអ្នកមាន និងភាពជោគជ័យតូចៗក្នុងជីវិតរបស់អ្នក។,f-adt2-0002,Social Media,Mental health effects of constant social comparison,1,social_media_10_0001_0032,4.93,short_lt_5s,1:social_media_10_0001_0032
Digital-Divide-Data/khmer-speech-dataset,train,656,f-adt2-0002_khm_traditional_occupations_05_0001_0011.wav,ជាពិសេសនៅតាមតំបន់ជនបទ ដែលការទទួលបានសេវាពេទ្យទំនើបនៅមានកម្រិត,ជាពិសេសនៅតាមតំបន់ជនបទ ដែលការទទួលបានសេវាពេទ្យទំនើបនៅមានកម្រិត,f-adt2-0002,Traditional Occupations,Traditional healing,1,traditional_occupations_05_0001_0011,4.902,short_lt_5s,1:traditional_occupations_05_0001_0011
Digital-Divide-Data/khmer-speech-dataset,train,492,f-adt2-0002_khm_working_in_cambodia_44_0001_0006.wav,ការយល់ដឹងអំពីកម្មវិធីរៀបចំវិក្កយបត្រតាមស្តង់ដារពន្ធដារ គឺជាជំនាញចាំបាច់បំផុតសម្រាប់អ្នកកាន់បញ្ជីការនាពេលបច្ចុប្បន្ន។,ការយល់ដឹងអំពីកម្មវិធីរៀបចំវិក្កយបត្រតាមស្តង់ដារពន្ធដារ គឺជាជំនាញចាំបាច់បំផុតសម្រាប់អ្នកកាន់បញ្ជីការនាពេលបច្ចុប្បន្ន។,f-adt2-0002,Working in Cambodia,Accountants and bookkeepers navigating digital tax systems,1,working_in_cambodia_44_0001_0006,7.76,medium_5_to_10s,1:working_in_cambodia_44_0001_0006
Digital-Divide-Data/khmer-speech-dataset,train,1,f-adt2-0002_khm_working_in_cambodia_44_0001_0008.wav,ប្រព័ន្ធបង់ប្រាក់ពន្ធតាមធនាគារដែលតភ្ជាប់ជាមួយកម្មវិធីពន្ធដារ បានធ្វើឱ្យការទូទាត់សាច់ប្រាក់មានសុវត្ថិភាព និងមានតម្លាភាពខ្ពស់។,ប្រព័ន្ធបង់ប្រាក់ពន្ធតាមធនាគារដែលតភ្ជាប់ជាមួយកម្មវិធីពន្ធដារ បានធ្វើឱ្យការទូទាត់សាច់ប្រាក់មានសុវត្ថិភាព និងមានតម្លាភាពខ្ពស់។,f-adt2-0002,Working in Cambodia,Accountants and bookkeepers navigating digital tax systems,1,working_in_cambodia_44_0001_0008,8.13,medium_5_to_10s,1:working_in_cambodia_44_0001_0008
Digital-Divide-Data/khmer-speech-dataset,train,589,f-adt2-0002_khm_working_in_cambodia_44_0001_0015.wav,គណនេយ្យករត្រូវពន្យល់ដល់ម្ចាស់អាជីវកម្មអំពីសារៈសំខាន់នៃការចុះបញ្ជីអាករលើតម្លៃបន្ថែមតាមប្រព័ន្ធអនឡាញ។,គណនេយ្យករត្រូវពន្យល់ដល់ម្ចាស់អាជីវកម្មអំពីសារៈសំខាន់នៃការចុះបញ្ជីអាករលើតម្លៃបន្ថែមតាមប្រព័ន្ធអនឡាញ។,f-adt2-0002,Working in Cambodia,Accountants and bookkeepers navigating digital tax systems,1,working_in_cambodia_44_0001_0015,7.16,medium_5_to_10s,1:working_in_cambodia_44_0001_0015
Digital-Divide-Data/khmer-speech-dataset,train,959,f-adt3-0001_khm_cambodia_10_years_ago_vs._now_15_0001_0008.wav,រថយន្តអគ្គិសនីផ្តល់បទពិសោធន៍បើកបរដែលមានសម្លេងតិច ធ្វើឲ្យអ្នកបើកបរ និងអ្នកនៅជុំវិញមានអារម្មណ៍ស្ងប់ស្ងាត់ បន្ថែមលើការជួយកាត់បន្ថយសម្លេងរំខាននៅក្នុងទីក្រុងដែលមានចរាចរណ៍ច្រើន។,រថយន្តអគ្គិសនីផ្តល់បទពិសោធន៍បើកបរដែលមានសម្លេងតិច ធ្វើឲ្យអ្នកបើកបរ និងអ្នកនៅជុំវិញមានអារម្មណ៍ស្ងប់ស្ងាត់ បន្ថែមលើការជួយកាត់បន្ថយសម្លេងរំខាននៅក្នុងទីក្រុងដែលមានចរាចរណ៍ច្រើន។,f-adt3-0001,Cambodia 10 Years Ago vs. Now,"ភាពអាចរកបាននៃយានយន្តអគ្គិសនី
Availability of electric vehicles",1,cambodia_10_years_ago_vs._now_15_0001_0008,16.96,long_gt_10s,1:cambodia_10_years_ago_vs._now_15_0001_0008
Digital-Divide-Data/khmer-speech-dataset,train,11,m-adt1-0002_khm_movie_02_0001_0004.wav,ខាងក្រោមនេះជារឿងនិទានបុរាណល្បីៗមួយចំនួនដែលត្រូវបានយកមកផលិតជាខ្សែភាពយន្ត។,ខាងក្រោមនេះជារឿងនិទានបុរាណល្បីៗមួយចំនួនដែលត្រូវបានយកមកផលិតជាខ្សែភាពយន្ត។,m-adt1-0002,Movie,Traditional folktale adaptations,1,movie_02_0001_0004,7.024,medium_5_to_10s,1:movie_02_0001_0004
Digital-Divide-Data/khmer-speech-dataset,train,36,m-adt1-0002_khm_movie_02_0001_0007.wav,រឿង ទុំទាវ ត្រូវបានផលិតជាខ្សែភាពយន្តជាច្រើនជំនាន់មកហើយ ដែលបញ្ជាក់យ៉ាងច្បាស់ពីប្រជាប្រិយភាព និងតម្លៃអមតៈរបស់ស្នាដៃអក្សរសិល្ប៍ខ្មែរមួយនេះ។,រឿង ទុំទាវ ត្រូវបានផលិតជាខ្សែភាពយន្តជាច្រើនជំនាន់មកហើយ ដែលបញ្ជាក់យ៉ាងច្បាស់ពីប្រជាប្រិយភាព និងតម្លៃអមតៈរបស់ស្នាដៃអក្សរសិល្ប៍ខ្មែរមួយនេះ។,m-adt1-0002,Movie,Traditional folktale adaptations,1,movie_02_0001_0007,13.421,long_gt_10s,1:movie_02_0001_0007
Digital-Divide-Data/khmer-speech-dataset,train,105,m-adt1-0002_khm_movie_02_0001_0008.wav,ដំបូងឡើយ ខ្សែភាពយន្តមួយនេះ គឺជារឿងប្រលោមលោកសោកនាដកម្មបែបមនោសញ្ចេតនា ដែលនិពន្ធដោយភិក្ខុ ងួនសោម ដែលសរសេរអំពីស្នេហាប្រកាន់វណ្ណៈនា សម័យកាលលង្វែក ក្នុង គ្រិស្ត​សករាជ ១៥៧២ រជ្ជកាលព្រះបាទ បរមរាជាទី២ ។,ដំបូងឡើយ ខ្សែភាពយន្តមួយនេះ គឺជារឿងប្រលោមលោកសោកនាដកម្មបែបមនោសញ្ចេតនា ដែលនិពន្ធដោយភិក្ខុ ងួនសោម ដែលសរសេរអំពីស្នេហាប្រកាន់វណ្ណៈនា សម័យកាលលង្វែក ក្នុង គ្រិស្ត​សករាជ ១៥៧២ រជ្ជកាលព្រះបាទ បរមរាជាទី២ ។,m-adt1-0002,Movie,Traditional folktale adaptations,1,movie_02_0001_0008,22.673,long_gt_10s,1:movie_02_0001_0008
Digital-Divide-Data/khmer-speech-dataset,train,561,m-adt1-0002_khm_movie_02_0001_0012.wav,មិនត្រឹមតែប៉ុណ្ណោះ ក្នុងឆ្នាំ ១៩៦៥ រឿងទុំទាវ ត្រូវបានដាក់បញ្ចូលទៅក្នុងទម្រង់ល្ខោនយីកេផងដែរ ក្របខណ្ឌនៃសកលវិទ្យាល័យភូមិន្ទវិចិត្រសិល្បៈ។,មិនត្រឹមតែប៉ុណ្ណោះ ក្នុងឆ្នាំ ១៩៦៥ រឿងទុំទាវ ត្រូវបានដាក់បញ្ចូលទៅក្នុងទម្រង់ល្ខោនយីកេផងដែរ ក្របខណ្ឌនៃសកលវិទ្យាល័យភូមិន្ទវិចិត្រសិល្បៈ។,m-adt1-0002,Movie,Traditional folktale adaptations,1,movie_02_0001_0012,13.711,long_gt_10s,1:movie_02_0001_0012
Digital-Divide-Data/khmer-speech-dataset,train,518,m-adt1-0002_khm_movie_02_0001_0014.wav,ក្រោយមក រឿងទុំទាវ ក៏មានការផលិតឡើងវិញក្នុងទម្រង់ជាខ្សែភាពយន្តនៅ ឆ្នាំ ២០០៣ ដែលដឹកនាំដោយអ្នកដឹកនាំរឿងដ៏ល្បីល្បាញ លោក ហ្វៃ សំអាង។,ក្រោយមក រឿងទុំទាវ ក៏មានការផលិតឡើងវិញក្នុងទម្រង់ជាខ្សែភាពយន្តនៅ ឆ្នាំ ២០០៣ ដែលដឹកនាំដោយអ្នកដឹកនាំរឿងដ៏ល្បីល្បាញ លោក ហ្វៃ សំអាង។,m-adt1-0002,Movie,Traditional folktale adaptations,1,movie_02_0001_0014,12.829,long_gt_10s,1:movie_02_0001_0014
Digital-Divide-Data/khmer-speech-dataset,train,659,m-adt1-0002_khm_movie_02_0001_0016.wav,រឿងនេះបានរៀបរាប់យ៉ាងលម្អិតពី ការតស៊ូដ៏អង់អាចក្លាហានរបស់ព្រះរាម ដើម្បីស្រង់ ព្រះនាងសីតា ដែលជាមហេសីជាទីស្រឡាញ់ ឲ្យរួចផុតពីកណ្ដាប់ដៃរបស់ ក្រុងរាពណ៍ ដែលជាស្ដេចយក្ស។,រឿងនេះបានរៀបរាប់យ៉ាងលម្អិតពី ការតស៊ូដ៏អង់អាចក្លាហានរបស់ព្រះរាម ដើម្បីស្រង់ ព្រះនាងសីតា ដែលជាមហេសីជាទីស្រឡាញ់ ឲ្យរួចផុតពីកណ្ដាប់ដៃរបស់ ក្រុងរាពណ៍ ដែលជាស្ដេចយក្ស។,m-adt1-0002,Movie,Traditional folktale adaptations,1,movie_02_0001_0016,17.749,long_gt_10s,1:movie_02_0001_0016
Digital-Divide-Data/khmer-speech-dataset,train,371,m-adt1-0002_khm_movie_02_0001_0022.wav,បន្ទាប់មក ខ្សែភាពយន្ត នេះត្រូវបាន ចាក់ផ្សាយឡើងវិញ ក្នុងឆ្នាំ ២០០០ និង ២០០២ ហើយ​បាន​ចាក់​ផ្សាយ​តាម​កញ្ចក់ ​ទូរទស្សន៍​កង​យោធពល​ខេមរភូមិន្ទ  និងដឹកនាំដោយលោក លី ប៊ុនយីម សម្តែងដោយលោក គង់ សំអឿន និងអ្នកស្រី វីរៈ តារា។,បន្ទាប់មក ខ្សែភាពយន្ត នេះត្រូវបាន ចាក់ផ្សាយឡើងវិញ ក្នុងឆ្នាំ ២០០០ និង ២០០២ ហើយ​បាន​ចាក់​ផ្សាយ​តាម​កញ្ចក់ ​ទូរទស្សន៍​កង​យោធពល​ខេមរភូមិន្ទ និងដឹកនាំដោយលោក លី ប៊ុនយីម សម្តែងដោយលោក គង់ សំអឿន និងអ្នកស្រី វីរៈ តារា។,m-adt1-0002,Movie,Traditional folktale adaptations,1,movie_02_0001_0022,21.827,long_gt_10s,1:movie_02_0001_0022
Digital-Divide-Data/khmer-speech-dataset,train,938,m-adt1-0002_khm_movie_02_0001_0024.wav,"ទន្ទឹមនឹងនេះផងដែរ ក៏បានឃើញថាមានអ្នកនិពន្ធមួយរូបទៀតគឺ លោក គង្គ ប៊ុនឈឿន  ក៏បានបង្កើតវណ្ណកម្មមួយមានចំណងជើងប្រហាក់ប្រហែលគ្នានេះដែរ គឺរឿង
“តេជោមាស តេជោយ៉ត”  ដែលបាននិពន្ធឡើងនៅថ្ងៃទី១២ ខែមេសា ឆ្នាំ២០០២។ ",ទន្ទឹមនឹងនេះផងដែរ ក៏បានឃើញថាមានអ្នកនិពន្ធមួយរូបទៀតគឺ លោក គង្គ ប៊ុនឈឿន ក៏បានបង្កើតវណ្ណកម្មមួយមានចំណងជើងប្រហាក់ប្រហែលគ្នានេះដែរ គឺរឿង “តេជោមាស តេជោយ៉ត” ដែលបាននិពន្ធឡើងនៅថ្ងៃទី១២ ខែមេសា ឆ្នាំ២០០២។,m-adt1-0002,Movie,Traditional folktale adaptations,1,movie_02_0001_0024,20.782,long_gt_10s,1:movie_02_0001_0024
Digital-Divide-Data/khmer-speech-dataset,train,423,m-adt1-0002_khm_movie_02_0001_0033.wav,"ការផលិតជាភាពយន្តនៃរឿង ""នាងកាកី"" នៅក្នុងឆ្នាំ ១៩៦៧ ដឹកនាំដោយលោក ឡាយ ណាវ៉ា សម្តែងដោយលោក គង់ សំអឿន និងអ្នកស្រី ទិត្យ វិជ្ជរ៉ាដានី ទទួលបានការចាប់អារម្មណ៍យ៉ាងខ្លាំង។","ការផលិតជាភាពយន្តនៃរឿង ""នាងកាកី"" នៅក្នុងឆ្នាំ ១៩៦៧ ដឹកនាំដោយលោក ឡាយ ណាវ៉ា សម្តែងដោយលោក គង់ សំអឿន និងអ្នកស្រី ទិត្យ វិជ្ជរ៉ាដានី ទទួលបានការចាប់អារម្មណ៍យ៉ាងខ្លាំង។",m-adt1-0002,Movie,Traditional folktale adaptations,1,movie_02_0001_0033,16.735,long_gt_10s,1:movie_02_0001_0033
Digital-Divide-Data/khmer-speech-dataset,train,700,m-adt1-0002_khm_movie_02_0001_0036.wav,"ក្រោយសម័យខ្មែរក្រហម ថ្វីត្បិតតែមានការផលិតឡើងវិញនូវរឿងមួយចំនួនដូចជា ""ទុំទាវ"" ក៏ដោយ ក៏ចំនួននៃការយកលំនាំតាមរឿងនិទានបុរាណមកផលិតជាភាពយន្តហាក់មានការថយចុះបន្តិច។","ក្រោយសម័យខ្មែរក្រហម ថ្វីត្បិតតែមានការផលិតឡើងវិញនូវរឿងមួយចំនួនដូចជា ""ទុំទាវ"" ក៏ដោយ ក៏ចំនួននៃការយកលំនាំតាមរឿងនិទានបុរាណមកផលិតជាភាពយន្តហាក់មានការថយចុះបន្តិច។",m-adt1-0002,Movie,Traditional folktale adaptations,1,movie_02_0001_0036,17.775,long_gt_10s,1:movie_02_0001_0036
Digital-Divide-Data/khmer-speech-dataset,train,157,m-adt1-0002_khm_recipes_08_0001_0006.wav,សម្រាប់ សំបកនំ យើងប្រើម្សៅអង្ករដំណើប ដែលមានភាពស្វិត និងទន់ រួមផ្សំជាមួយ ម្សៅអង្ករខ្សាយ ដើម្បីឲ្យនំមិនស្វិតពេក។,សម្រាប់ សំបកនំ យើងប្រើម្សៅអង្ករដំណើប ដែលមានភាពស្វិត និងទន់ រួមផ្សំជាមួយ ម្សៅអង្ករខ្សាយ ដើម្បីឲ្យនំមិនស្វិតពេក។,m-adt1-0002,Recipes,How to make Khmer Glutinous Rice Balls with Mung bean fillings,1,recipes_08_0001_0006,11.355,long_gt_10s,1:recipes_08_0001_0006
Digital-Divide-Data/khmer-speech-dataset,train,192,m-adt1-0002_khm_recipes_08_0001_0011.wav,នៅក្នុងការត្រាំសណ្តែកគឺសំខាន់ណាស់ដើម្បីឲ្យវាងាយស្រួលស្ងោរ និងកិន បន្ទាប់មក គេយកសណ្តែកដែលត្រាំរួចទៅស្ងោរជាមួយទឹកធម្មតា រហូតដល់ទុនល្អ។,នៅក្នុងការត្រាំសណ្តែកគឺសំខាន់ណាស់ដើម្បីឲ្យវាងាយស្រួលស្ងោរ និងកិន បន្ទាប់មក គេយកសណ្តែកដែលត្រាំរួចទៅស្ងោរជាមួយទឹកធម្មតា រហូតដល់ទុនល្អ។,m-adt1-0002,Recipes,How to make Khmer Glutinous Rice Balls with Mung bean fillings,1,recipes_08_0001_0011,12.005,long_gt_10s,1:recipes_08_0001_0011
Digital-Divide-Data/khmer-speech-dataset,train,239,m-adt1-0002_khm_recipes_08_0001_0013.wav,នៅពេលសណ្ដែកទុនហើយ គេត្រូវស្រង់ឡើងឲ្យស្រស់ទឹក រួចយកទៅកិន ឬបុកឲ្យម៉ដ្ឋល្អិត។,នៅពេលសណ្ដែកទុនហើយ គេត្រូវស្រង់ឡើងឲ្យស្រស់ទឹក រួចយកទៅកិន ឬបុកឲ្យម៉ដ្ឋល្អិត។,m-adt1-0002,Recipes,How to make Khmer Glutinous Rice Balls with Mung bean fillings,1,recipes_08_0001_0013,6.827,medium_5_to_10s,1:recipes_08_0001_0013
Digital-Divide-Data/khmer-speech-dataset,train,48,m-adt1-0002_khm_recipes_08_0001_0018.wav,សម្រាប់ការច្របាច់ម្សៅសំបកនំវិញ គឺធ្វើឡើងដោយមិនចាំបាច់ប្រើពណ៌ពីស្លឹកតើយឡើយ ដោយរក្សានូវពណ៌សធម្មជាតិរបស់ម្សៅ។,សម្រាប់ការច្របាច់ម្សៅសំបកនំវិញ គឺធ្វើឡើងដោយមិនចាំបាច់ប្រើពណ៌ពីស្លឹកតើយឡើយ ដោយរក្សានូវពណ៌សធម្មជាតិរបស់ម្សៅ។,m-adt1-0002,Recipes,How to make Khmer Glutinous Rice Balls with Mung bean fillings,1,recipes_08_0001_0018,10.495,long_gt_10s,1:recipes_08_0001_0018
Digital-Divide-Data/khmer-speech-dataset,train,7,m-adt1-0002_khm_recipes_08_0001_0020.wav,ម្សៅគួរតែមានសភាពទន់ ងាយស្រួលរៀបជានំ ហើយការច្របាច់ម្សៅឲ្យបានល្អ គឺសំខាន់ណាស់ដើម្បីឲ្យនំមានភាពទន់ និងងាយស្រួលរៀបជារាង។,ម្សៅគួរតែមានសភាពទន់ ងាយស្រួលរៀបជានំ ហើយការច្របាច់ម្សៅឲ្យបានល្អ គឺសំខាន់ណាស់ដើម្បីឲ្យនំមានភាពទន់ និងងាយស្រួលរៀបជារាង។,m-adt1-0002,Recipes,How to make Khmer Glutinous Rice Balls with Mung bean fillings,1,recipes_08_0001_0020,12.016,long_gt_10s,1:recipes_08_0001_0020
Digital-Divide-Data/khmer-speech-dataset,train,14,m-adt1-0002_khm_recipes_08_0001_0022.wav,ប្រសិនបើចង់ឲ្យសំបកនំមានក្លិនឈ្ងុយដូង គេក៏អាចប្រើ ទឹកខ្ទិះដូង ជំនួសទឹកស្អាតក្នុងបរិមាណដែលសមស្រប ក្នុងការច្របាច់ម្សៅបាន។,ប្រសិនបើចង់ឲ្យសំបកនំមានក្លិនឈ្ងុយដូង គេក៏អាចប្រើ ទឹកខ្ទិះដូង ជំនួសទឹកស្អាតក្នុងបរិមាណដែលសមស្រប ក្នុងការច្របាច់ម្សៅបាន។,m-adt1-0002,Recipes,How to make Khmer Glutinous Rice Balls with Mung bean fillings,1,recipes_08_0001_0022,12.179,long_gt_10s,1:recipes_08_0001_0022
Digital-Divide-Data/khmer-speech-dataset,train,712,m-adt1-0002_khm_recipes_08_0001_0023.wav,នៅពេលដែលស្នូល និងសំបកនំរួចរាល់ ជំហានបន្ទាប់គឺការរៀបចំធ្វើនំពពាយ។,នៅពេលដែលស្នូល និងសំបកនំរួចរាល់ ជំហានបន្ទាប់គឺការរៀបចំធ្វើនំពពាយ។,m-adt1-0002,Recipes,How to make Khmer Glutinous Rice Balls with Mung bean fillings,1,recipes_08_0001_0023,6.269,medium_5_to_10s,1:recipes_08_0001_0023
Digital-Divide-Data/khmer-speech-dataset,train,989,m-adt1-0002_khm_recipes_08_0001_0029.wav,ពេលនំឆ្អិនហើយ យកចេញពីឆ្នាំងចំហុយ ហើយទុកឲ្យត្រជាក់បន្តិច មុននឹងទទួលទាន ដើម្បីឲ្យនំរឹងខ្លួនល្អ និងងាយស្រួលចាប់។,ពេលនំឆ្អិនហើយ យកចេញពីឆ្នាំងចំហុយ ហើយទុកឲ្យត្រជាក់បន្តិច មុននឹងទទួលទាន ដើម្បីឲ្យនំរឹងខ្លួនល្អ និងងាយស្រួលចាប់។,m-adt1-0002,Recipes,How to make Khmer Glutinous Rice Balls with Mung bean fillings,1,recipes_08_0001_0029,10.078,long_gt_10s,1:recipes_08_0001_0029
Digital-Divide-Data/khmer-speech-dataset,train,144,m-adt1-0002_khm_traditional_occupations_05_0001_0001.wav,ការព្យាបាលបែបបុរាណ នៅកម្ពុជា គឺជាវិស័យមួយដែលបានចាក់ឫសយ៉ាងជ្រៅជ្រះក្នុងសង្គមខ្មែរ តាំងពីយូរលង់ណាស់មកហើយ។,ការព្យាបាលបែបបុរាណ នៅកម្ពុជា គឺជាវិស័យមួយដែលបានចាក់ឫសយ៉ាងជ្រៅជ្រះក្នុងសង្គមខ្មែរ តាំងពីយូរលង់ណាស់មកហើយ។,m-adt1-0002,Traditional Occupations,Traditional healing,1,traditional_occupations_05_0001_0001,9.252,medium_5_to_10s,1:traditional_occupations_05_0001_0001
Digital-Divide-Data/khmer-speech-dataset,train,122,m-adt1-0002_khm_traditional_occupations_05_0001_0002.wav,វាមិនមែនត្រឹមតែជាវិធីសាស្ត្រព្យាបាលជំងឺប៉ុណ្ណោះទេ ប៉ុន្តែក៏ជាផ្នែកមួយដ៏សំខាន់នៃ មរតកវប្បធម៌ និងចំណេះដឹងបុរាណ ដែលត្រូវបានបន្សល់ទុកពីដូនតាតៗគ្នា។,វាមិនមែនត្រឹមតែជាវិធីសាស្ត្រព្យាបាលជំងឺប៉ុណ្ណោះទេ ប៉ុន្តែក៏ជាផ្នែកមួយដ៏សំខាន់នៃ មរតកវប្បធម៌ និងចំណេះដឹងបុរាណ ដែលត្រូវបានបន្សល់ទុកពីដូនតាតៗគ្នា។,m-adt1-0002,Traditional Occupations,Traditional healing,1,traditional_occupations_05_0001_0002,13.148,long_gt_10s,1:traditional_occupations_05_0001_0002
Digital-Divide-Data/khmer-speech-dataset,train,634,m-adt1-0002_khm_traditional_occupations_05_0001_0004.wav,គ្រូខ្មែរជាអ្នកដែលមាន ចំណេះដឹង បច្ចេកទេស និងបទពិសោធន៍ យ៉ាងទូលំទូលាយក្នុងការប្រើប្រាស់ គ្រឿងបន្សំធម្មជាតិ ដើម្បីព្យាបាលជំងឺផ្សេងៗ។,គ្រូខ្មែរជាអ្នកដែលមាន ចំណេះដឹង បច្ចេកទេស និងបទពិសោធន៍ យ៉ាងទូលំទូលាយក្នុងការប្រើប្រាស់ គ្រឿងបន្សំធម្មជាតិ ដើម្បីព្យាបាលជំងឺផ្សេងៗ។,m-adt1-0002,Traditional Occupations,Traditional healing,1,traditional_occupations_05_0001_0004,10.024,long_gt_10s,1:traditional_occupations_05_0001_0004
Digital-Divide-Data/khmer-speech-dataset,train,85,m-adt1-0002_khm_traditional_occupations_05_0001_0006.wav,គ្រូខ្មែរពឹងផ្អែកយ៉ាងខ្លាំងលើរុក្ខជាតិឱសថ សត្វ និងរ៉ែមួយចំនួនដែលរកបាននៅក្នុងធម្មជាតិ។,គ្រូខ្មែរពឹងផ្អែកយ៉ាងខ្លាំងលើរុក្ខជាតិឱសថ សត្វ និងរ៉ែមួយចំនួនដែលរកបាននៅក្នុងធម្មជាតិ។,m-adt1-0002,Traditional Occupations,Traditional healing,1,traditional_occupations_05_0001_0006,7.333,medium_5_to_10s,1:traditional_occupations_05_0001_0006
Digital-Divide-Data/khmer-speech-dataset,train,200,m-adt1-0002_khm_traditional_occupations_05_0001_0008.wav,ក្រៅពីការផ្សំថ្នាំ គ្រូខ្មែរក៏ប្រើបច្ចេកទេសផ្សេងៗទៀតដូចជា ការកោសខ្យល់  ការជប់ខ្យល់  និង ការម៉ាស្សា ដើម្បីបន្ធូរសាច់ដុំ និងបង្កើនចរន្តឈាម។,ក្រៅពីការផ្សំថ្នាំ គ្រូខ្មែរក៏ប្រើបច្ចេកទេសផ្សេងៗទៀតដូចជា ការកោសខ្យល់ ការជប់ខ្យល់ និង ការម៉ាស្សា ដើម្បីបន្ធូរសាច់ដុំ និងបង្កើនចរន្តឈាម។,m-adt1-0002,Traditional Occupations,Traditional healing,1,traditional_occupations_05_0001_0008,13.437,long_gt_10s,1:traditional_occupations_05_0001_0008
Digital-Divide-Data/khmer-speech-dataset,train,171,m-adt1-0002_khm_traditional_occupations_05_0001_0015.wav,បន្ថែមពីនេះវាក៏បានបង្ហាញពីភាពប៉ិនប្រសប់ និងចំណេះដឹងរបស់បុព្វបុរសយើងក្នុងការប្រើប្រាស់ធនធានធម្មជាតិសម្រាប់សុខុមាលភាពរបស់មនុស្សផងដែរ។,បន្ថែមពីនេះវាក៏បានបង្ហាញពីភាពប៉ិនប្រសប់ និងចំណេះដឹងរបស់បុព្វបុរសយើងក្នុងការប្រើប្រាស់ធនធានធម្មជាតិសម្រាប់សុខុមាលភាពរបស់មនុស្សផងដែរ។,m-adt1-0002,Traditional Occupations,Traditional healing,1,traditional_occupations_05_0001_0015,12.704,long_gt_10s,1:traditional_occupations_05_0001_0015
Digital-Divide-Data/khmer-speech-dataset,train,375,m-adt1-0002_khm_traditional_occupations_05_0001_0026.wav,ការព្យាបាលបែបបុរាណមិនមែនត្រឹមតែជាការងាររបស់គ្រូខ្មែរជំនាញប៉ុណ្ណោះទេ តែវាក៏ជាចំណេះដឹងមួយដែល មនុស្សទូទៅ ជាពិសេសម្ដាយ និងជីដូនជីតា តែងតែមានសម្រាប់ប្រើប្រាស់ក្នុងគ្រួសារ។,ការព្យាបាលបែបបុរាណមិនមែនត្រឹមតែជាការងាររបស់គ្រូខ្មែរជំនាញប៉ុណ្ណោះទេ តែវាក៏ជាចំណេះដឹងមួយដែល មនុស្សទូទៅ ជាពិសេសម្ដាយ និងជីដូនជីតា តែងតែមានសម្រាប់ប្រើប្រាស់ក្នុងគ្រួសារ។,m-adt1-0002,Traditional Occupations,Traditional healing,1,traditional_occupations_05_0001_0026,16.483,long_gt_10s,1:traditional_occupations_05_0001_0026
Digital-Divide-Data/khmer-speech-dataset,train,356,m-adt1-0002_khm_traditional_occupations_05_0001_0029.wav,គ្រូខ្មែរតែងតែពិចារណាលើសុខភាពរបស់អ្នកជំងឺទាំងផ្លូវកាយ ផ្លូវចិត្ត និងផ្លូវវិញ្ញាណ ដែលខុសពីវេជ្ជសាស្ត្រសម័យទំនើបដែលច្រើនតែផ្ដោតលើការដោះស្រាយរោគសញ្ញាជាក់លាក់។,គ្រូខ្មែរតែងតែពិចារណាលើសុខភាពរបស់អ្នកជំងឺទាំងផ្លូវកាយ ផ្លូវចិត្ត និងផ្លូវវិញ្ញាណ ដែលខុសពីវេជ្ជសាស្ត្រសម័យទំនើបដែលច្រើនតែផ្ដោតលើការដោះស្រាយរោគសញ្ញាជាក់លាក់។,m-adt1-0002,Traditional Occupations,Traditional healing,1,traditional_occupations_05_0001_0029,13.232,long_gt_10s,1:traditional_occupations_05_0001_0029
Digital-Divide-Data/khmer-speech-dataset,train,365,m-adt1-0003_khm_history_75_0001_0009.wav,ជណ្តើរចោតនៅគ្រប់ទិសទាំងបួន តំណាងឱ្យផ្លូវឡើងទៅកាន់ឋានសួគ៌ ដែលតម្រូវឱ្យមានការខិតខំ និងការតស៊ូ។,ជណ្តើរចោតនៅគ្រប់ទិសទាំងបួន តំណាងឱ្យផ្លូវឡើងទៅកាន់ឋានសួគ៌ ដែលតម្រូវឱ្យមានការខិតខំ និងការតស៊ូ។,m-adt1-0003,History,រៀបរាប់អំពី សិល្បៈស្ថាបត្យកម្មខ្មែរសម័យអង្គរ (ស.វ ទី៩ ដល់ ស.វ ទី ១៣)- រចនាបថបាខែង (គ.ស ៨៨៩ ដល់ គ.ស ៩១២ ភាគ៤ចុងស.វទី ៩ និងដើមស.វ ទី១០),1,history_75_0001_0009,7.47,medium_5_to_10s,1:history_75_0001_0009
Digital-Divide-Data/khmer-speech-dataset,train,115,m-adt1-0003_khm_history_75_0001_0014.wav,នៅប្រាសាទបាខែង មានប្រាង្គចំនួន ប្រាំ នៅលើកំពូល តំណាងឱ្យព្រះទាំងប្រាំអង្គ បួនជ្រុង និងមួយកណ្តាល ហើយនៅជុំវិញនោះមានប្រាង្គតូចៗជាច្រើនទៀតសរុប ១០៨ ប្រាង្គ ដែលតំណាងឱ្យលក្ខណៈពិសិដ្ឋនៃលេខនេះក្នុងជំនឿព្រហ្មញ្ញសាសនា។,នៅប្រាសាទបាខែង មានប្រាង្គចំនួន ប្រាំ នៅលើកំពូល តំណាងឱ្យព្រះទាំងប្រាំអង្គ បួនជ្រុង និងមួយកណ្តាល ហើយនៅជុំវិញនោះមានប្រាង្គតូចៗជាច្រើនទៀតសរុប ១០៨ ប្រាង្គ ដែលតំណាងឱ្យលក្ខណៈពិសិដ្ឋនៃលេខនេះក្នុងជំនឿព្រហ្មញ្ញសាសនា។,m-adt1-0003,History,រៀបរាប់អំពី សិល្បៈស្ថាបត្យកម្មខ្មែរសម័យអង្គរ (ស.វ ទី៩ ដល់ ស.វ ទី ១៣)- រចនាបថបាខែង (គ.ស ៨៨៩ ដល់ គ.ស ៩១២ ភាគ៤ចុងស.វទី ៩ និងដើមស.វ ទី១០),1,history_75_0001_0014,18.24,long_gt_10s,1:history_75_0001_0014
Digital-Divide-Data/khmer-speech-dataset,train,530,m-adt1-0003_khm_history_75_0001_0017.wav,រូបចម្លាក់សត្វតំណាងដូចជា សត្វសិង្ហ នៅតាមជណ្ដើរឡើង ក៏ជាលក្ខណៈលេចធ្លោដែរ។,រូបចម្លាក់សត្វតំណាងដូចជា សត្វសិង្ហ នៅតាមជណ្ដើរឡើង ក៏ជាលក្ខណៈលេចធ្លោដែរ។,m-adt1-0003,History,រៀបរាប់អំពី សិល្បៈស្ថាបត្យកម្មខ្មែរសម័យអង្គរ (ស.វ ទី៩ ដល់ ស.វ ទី ១៣)- រចនាបថបាខែង (គ.ស ៨៨៩ ដល់ គ.ស ៩១២ ភាគ៤ចុងស.វទី ៩ និងដើមស.វ ទី១០),1,history_75_0001_0017,6.34,medium_5_to_10s,1:history_75_0001_0017
Digital-Divide-Data/khmer-speech-dataset,train,244,m-adt1-0003_khm_history_75_0001_0020.wav,ប្រាសាទភ្នំបាខែងជាស្នូលនៃអតីត រាជធានីយសោធបុរៈ ឬ ភ្នំកណ្តាល។,ប្រាសាទភ្នំបាខែងជាស្នូលនៃអតីត រាជធានីយសោធបុរៈ ឬ ភ្នំកណ្តាល។,m-adt1-0003,History,រៀបរាប់អំពី សិល្បៈស្ថាបត្យកម្មខ្មែរសម័យអង្គរ (ស.វ ទី៩ ដល់ ស.វ ទី ១៣)- រចនាបថបាខែង (គ.ស ៨៨៩ ដល់ គ.ស ៩១២ ភាគ៤ចុងស.វទី ៩ និងដើមស.វ ទី១០),1,history_75_0001_0020,6.13,medium_5_to_10s,1:history_75_0001_0020
Digital-Divide-Data/khmer-speech-dataset,train,121,m-adt1-0003_khm_history_75_0001_0024.wav,នេះគឺដោយសារស្ថាបត្យករបានជ្រើសរើស យកសម្ភារៈ សំណង់ជាប្រភេទ ថ្មភក់មកកសាងប្រាសាទធំៗ មានច្រើនជាន់ នៅលើខឿនខ្ពស់ ជាពិសេស គេនិយម កសាងប្រាសាទនៅលើភ្នំតែម្តង។,នេះគឺដោយសារស្ថាបត្យករបានជ្រើសរើស យកសម្ភារៈ សំណង់ជាប្រភេទ ថ្មភក់មកកសាងប្រាសាទធំៗ មានច្រើនជាន់ នៅលើខឿនខ្ពស់ ជាពិសេស គេនិយម កសាងប្រាសាទនៅលើភ្នំតែម្តង។,m-adt1-0003,History,រៀបរាប់អំពី សិល្បៈស្ថាបត្យកម្មខ្មែរសម័យអង្គរ (ស.វ ទី៩ ដល់ ស.វ ទី ១៣)- រចនាបថបាខែង (គ.ស ៨៨៩ ដល់ គ.ស ៩១២ ភាគ៤ចុងស.វទី ៩ និងដើមស.វ ទី១០),1,history_75_0001_0024,13.7,long_gt_10s,1:history_75_0001_0024
Digital-Divide-Data/khmer-speech-dataset,train,730,m-adt1-0003_khm_history_75_0001_0030.wav,ក្នុងផ្ទៃហោជាង ច្រើនមានការលម្អដោយ ក្បាច់ស្លឹកឈើលាយឡំ ជាមួយនឹងរូបមនុស្ស។,ក្នុងផ្ទៃហោជាង ច្រើនមានការលម្អដោយ ក្បាច់ស្លឹកឈើលាយឡំ ជាមួយនឹងរូបមនុស្ស។,m-adt1-0003,History,រៀបរាប់អំពី សិល្បៈស្ថាបត្យកម្មខ្មែរសម័យអង្គរ (ស.វ ទី៩ ដល់ ស.វ ទី ១៣)- រចនាបថបាខែង (គ.ស ៨៨៩ ដល់ គ.ស ៩១២ ភាគ៤ចុងស.វទី ៩ និងដើមស.វ ទី១០),1,history_75_0001_0030,5.97,medium_5_to_10s,1:history_75_0001_0030
Digital-Divide-Data/khmer-speech-dataset,train,431,m-adt1-0003_khm_history_75_0001_0031.wav,បដិមា ក្នុងរចនាបថនេះ មានរាងមាំ មាឌធំ ឈរត្រង់ មានទឹកមុខស្ងួត ចិញ្ចើមទាំងពីរត្រង់ហើយជាប់គ្នា ភ្នែកនិងបបូរមាត់មានរាងជារង្វង់ពីរផ្នត់ យ៉ាងច្បាស់ ។,បដិមា ក្នុងរចនាបថនេះ មានរាងមាំ មាឌធំ ឈរត្រង់ មានទឹកមុខស្ងួត ចិញ្ចើមទាំងពីរត្រង់ហើយជាប់គ្នា ភ្នែកនិងបបូរមាត់មានរាងជារង្វង់ពីរផ្នត់ យ៉ាងច្បាស់ ។,m-adt1-0003,History,រៀបរាប់អំពី សិល្បៈស្ថាបត្យកម្មខ្មែរសម័យអង្គរ (ស.វ ទី៩ ដល់ ស.វ ទី ១៣)- រចនាបថបាខែង (គ.ស ៨៨៩ ដល់ គ.ស ៩១២ ភាគ៤ចុងស.វទី ៩ និងដើមស.វ ទី១០),1,history_75_0001_0031,12.83,long_gt_10s,1:history_75_0001_0031
Digital-Divide-Data/khmer-speech-dataset,train,359,m-adt1-0003_khm_history_75_0001_0032.wav,ចំណែកពុកចង្កានិងជើងសក់វិញ គឺជាប់គ្នាតែម្តង។,ចំណែកពុកចង្កានិងជើងសក់វិញ គឺជាប់គ្នាតែម្តង។,m-adt1-0003,History,រៀបរាប់អំពី សិល្បៈស្ថាបត្យកម្មខ្មែរសម័យអង្គរ (ស.វ ទី៩ ដល់ ស.វ ទី ១៣)- រចនាបថបាខែង (គ.ស ៨៨៩ ដល់ គ.ស ៩១២ ភាគ៤ចុងស.វទី ៩ និងដើមស.វ ទី១០),1,history_75_0001_0032,4.34,short_lt_5s,1:history_75_0001_0032
Digital-Divide-Data/khmer-speech-dataset,train,348,m-adt1-0003_khm_life_as_a_fisherman_in_cambodia_19_0001_0006.wav,អ្នកនេសាទខ្មែរជាច្រើនពឹងផ្អែកទាំងស្រុងលើធនធានជលផលជាប្រភពចំណូលចម្បង នៅពេលមានបញ្ហាជាន់គ្នានៃតំបន់នេសាទ ឬការរឹតបន្តឹងការនេសាទដោយសារភាពមិនច្បាស់លាស់នៃខ្សែបន្ទាត់ព្រំដែន ពួកគេបាត់បង់ឱកាសរកចំណូល។,អ្នកនេសាទខ្មែរជាច្រើនពឹងផ្អែកទាំងស្រុងលើធនធានជលផលជាប្រភពចំណូលចម្បង នៅពេលមានបញ្ហាជាន់គ្នានៃតំបន់នេសាទ ឬការរឹតបន្តឹងការនេសាទដោយសារភាពមិនច្បាស់លាស់នៃខ្សែបន្ទាត់ព្រំដែន ពួកគេបាត់បង់ឱកាសរកចំណូល។,m-adt1-0003,Life as a Fisherman in Cambodia,Border-Water Diplomacy – Cambodian-Vietnamese fishing lines,1,life_as_a_fisherman_in_cambodia_19_0001_0006,15.98,long_gt_10s,1:life_as_a_fisherman_in_cambodia_19_0001_0006
Digital-Divide-Data/khmer-speech-dataset,train,399,m-adt1-0003_khm_life_as_a_fisherman_in_cambodia_19_0001_0019.wav,ការមិនទាន់បានបោះបង្គោលព្រំដែនទឹកឱ្យបានពេញលេញ និងច្បាស់លាស់ គឺជាឫសគល់នៃបញ្ហាទាំងនេះ។,ការមិនទាន់បានបោះបង្គោលព្រំដែនទឹកឱ្យបានពេញលេញ និងច្បាស់លាស់ គឺជាឫសគល់នៃបញ្ហាទាំងនេះ។,m-adt1-0003,Life as a Fisherman in Cambodia,Border-Water Diplomacy – Cambodian-Vietnamese fishing lines,1,life_as_a_fisherman_in_cambodia_19_0001_0019,6.49,medium_5_to_10s,1:life_as_a_fisherman_in_cambodia_19_0001_0019
Digital-Divide-Data/khmer-speech-dataset,train,320,m-adt1-0003_khm_life_as_a_fisherman_in_cambodia_19_0001_0020.wav,ទោះបីជាមានការខិតខំប្រឹងប្រែងក៏ដោយ ដំណើរការនេះមានភាពយឺតយ៉ាវ ដោយសារតែភាពស្មុគស្មាញនៃលក្ខខណ្ឌភូមិសាស្ត្រ ប្រវត្តិសាស្ត្រ និងបច្ចេកទេស។,ទោះបីជាមានការខិតខំប្រឹងប្រែងក៏ដោយ ដំណើរការនេះមានភាពយឺតយ៉ាវ ដោយសារតែភាពស្មុគស្មាញនៃលក្ខខណ្ឌភូមិសាស្ត្រ ប្រវត្តិសាស្ត្រ និងបច្ចេកទេស។,m-adt1-0003,Life as a Fisherman in Cambodia,Border-Water Diplomacy – Cambodian-Vietnamese fishing lines,1,life_as_a_fisherman_in_cambodia_19_0001_0020,9.88,medium_5_to_10s,1:life_as_a_fisherman_in_cambodia_19_0001_0020
Digital-Divide-Data/khmer-speech-dataset,train,76,m-adt1-0003_khm_life_as_a_fisherman_in_cambodia_19_0001_0021.wav,បញ្ហាព្រំដែនទឹកអាចប៉ះពាល់ដល់ទំនុកចិត្តគ្នាទៅវិញទៅមក និងអាចជះឥទ្ធិពលអវិជ្ជមានដល់កិច្ចសហប្រតិបត្តិការលើវិស័យផ្សេងៗទៀតរវាងកម្ពុជា និងវៀតណាម ប្រសិនបើមិនត្រូវបានដោះស្រាយដោយប្រុងប្រយ័ត្ន និងយុត្តិធម៌។,បញ្ហាព្រំដែនទឹកអាចប៉ះពាល់ដល់ទំនុកចិត្តគ្នាទៅវិញទៅមក និងអាចជះឥទ្ធិពលអវិជ្ជមានដល់កិច្ចសហប្រតិបត្តិការលើវិស័យផ្សេងៗទៀតរវាងកម្ពុជា និងវៀតណាម ប្រសិនបើមិនត្រូវបានដោះស្រាយដោយប្រុងប្រយ័ត្ន និងយុត្តិធម៌។,m-adt1-0003,Life as a Fisherman in Cambodia,Border-Water Diplomacy – Cambodian-Vietnamese fishing lines,1,life_as_a_fisherman_in_cambodia_19_0001_0021,14.7,long_gt_10s,1:life_as_a_fisherman_in_cambodia_19_0001_0021
Digital-Divide-Data/khmer-speech-dataset,train,19,m-adt1-0003_khm_life_as_a_fisherman_in_cambodia_19_0001_0033.wav,មានការចែករំលែកព័ត៌មានរវាងប្រទេសទាំងពីរទាក់ទងនឹងសកម្មភាពនេសាទខុសច្បាប់ និងការតាមដានស្ថានភាពធនធានជលផល ដើម្បីរួមគ្នាទប់ស្កាត់ការបំផ្លិចបំផ្លាញធនធាន។,មានការចែករំលែកព័ត៌មានរវាងប្រទេសទាំងពីរទាក់ទងនឹងសកម្មភាពនេសាទខុសច្បាប់ និងការតាមដានស្ថានភាពធនធានជលផល ដើម្បីរួមគ្នាទប់ស្កាត់ការបំផ្លិចបំផ្លាញធនធាន។,m-adt1-0003,Life as a Fisherman in Cambodia,Border-Water Diplomacy – Cambodian-Vietnamese fishing lines,1,life_as_a_fisherman_in_cambodia_19_0001_0033,11.28,long_gt_10s,1:life_as_a_fisherman_in_cambodia_19_0001_0033
Digital-Divide-Data/khmer-speech-dataset,train,283,m-adt1-0003_khm_life_as_a_fisherman_in_cambodia_19_0001_0037.wav,ការកំណត់ព្រំដែនច្បាស់លាស់នឹងកាត់បន្ថយភាពភ័ន្តច្រឡំ និងជម្លោះ។,ការកំណត់ព្រំដែនច្បាស់លាស់នឹងកាត់បន្ថយភាពភ័ន្តច្រឡំ និងជម្លោះ។,m-adt1-0003,Life as a Fisherman in Cambodia,Border-Water Diplomacy – Cambodian-Vietnamese fishing lines,1,life_as_a_fisherman_in_cambodia_19_0001_0037,4.49,short_lt_5s,1:life_as_a_fisherman_in_cambodia_19_0001_0037
Digital-Divide-Data/khmer-speech-dataset,train,538,m-adt1-0003_khm_life_as_a_fisherman_in_cambodia_19_0001_0042.wav,ពង្រឹងកិច្ចសហប្រតិបត្តិការរវាងកងកម្លាំងអនុវត្តច្បាប់ ដើម្បីរួមគ្នាបង្ក្រាបបទល្មើសនេសាទខុសច្បាប់ ទាំងការប្រើប្រាស់ឧបករណ៍ខុសច្បាប់ និងការនេសាទហួសកម្រិត ដោយមិនប្រកាន់ជាតិសាសន៍។,ពង្រឹងកិច្ចសហប្រតិបត្តិការរវាងកងកម្លាំងអនុវត្តច្បាប់ ដើម្បីរួមគ្នាបង្ក្រាបបទល្មើសនេសាទខុសច្បាប់ ទាំងការប្រើប្រាស់ឧបករណ៍ខុសច្បាប់ និងការនេសាទហួសកម្រិត ដោយមិនប្រកាន់ជាតិសាសន៍។,m-adt1-0003,Life as a Fisherman in Cambodia,Border-Water Diplomacy – Cambodian-Vietnamese fishing lines,1,life_as_a_fisherman_in_cambodia_19_0001_0042,11.47,long_gt_10s,1:life_as_a_fisherman_in_cambodia_19_0001_0042
Digital-Divide-Data/khmer-speech-dataset,train,269,m-adt1-0003_khm_life_as_a_fisherman_in_cambodia_19_0001_0047.wav,លើកទឹកចិត្តឱ្យមានការផ្លាស់ប្តូរវប្បធម៌ និងទំនាក់ទំនងល្អរវាងសហគមន៍មូលដ្ឋាននៅតាមបណ្តោយព្រំដែន ដើម្បីកសាងទំនុកចិត្ត និងកាត់បន្ថយការសង្ស័យគ្នាទៅវិញទៅមក។,លើកទឹកចិត្តឱ្យមានការផ្លាស់ប្តូរវប្បធម៌ និងទំនាក់ទំនងល្អរវាងសហគមន៍មូលដ្ឋាននៅតាមបណ្តោយព្រំដែន ដើម្បីកសាងទំនុកចិត្ត និងកាត់បន្ថយការសង្ស័យគ្នាទៅវិញទៅមក។,m-adt1-0003,Life as a Fisherman in Cambodia,Border-Water Diplomacy – Cambodian-Vietnamese fishing lines,1,life_as_a_fisherman_in_cambodia_19_0001_0047,10.91,long_gt_10s,1:life_as_a_fisherman_in_cambodia_19_0001_0047
Digital-Divide-Data/khmer-speech-dataset,train,893,m-adt1-0003_khm_life_as_a_fisherman_in_cambodia_20_0001_0005.wav,ការប្រើប្រាស់ផ្លាស្ទិកកែច្នៃជួយកាត់បន្ថយបរិមាណសំរាមផ្លាស្ទិកដែលត្រូវបានបោះចោលទៅក្នុងបរិស្ថាន។,ការប្រើប្រាស់ផ្លាស្ទិកកែច្នៃជួយកាត់បន្ថយបរិមាណសំរាមផ្លាស្ទិកដែលត្រូវបានបោះចោលទៅក្នុងបរិស្ថាន។,m-adt1-0003,Life as a Fisherman in Cambodia,Gear Repair with Recycled Plastics,1,life_as_a_fisherman_in_cambodia_20_0001_0005,6.77,medium_5_to_10s,1:life_as_a_fisherman_in_cambodia_20_0001_0005
Digital-Divide-Data/khmer-speech-dataset,train,500,m-adt1-0003_khm_working_in_cambodia_44_0001_0001.wav,ការធ្វើបរិវត្តកម្មឌីជីថលនៃអគ្គនាយកដ្ឋានពន្ធដារ បានផ្លាស់ប្តូររបៀបរបបធ្វើការងាររបស់គណនេយ្យករនៅកម្ពុជាទាំងស្រុង។,ការធ្វើបរិវត្តកម្មឌីជីថលនៃអគ្គនាយកដ្ឋានពន្ធដារ បានផ្លាស់ប្តូររបៀបរបបធ្វើការងាររបស់គណនេយ្យករនៅកម្ពុជាទាំងស្រុង។,m-adt1-0003,Working in Cambodia,Accountants and bookkeepers navigating digital tax systems,1,working_in_cambodia_44_0001_0001,10.786,long_gt_10s,1:working_in_cambodia_44_0001_0001
Digital-Divide-Data/khmer-speech-dataset,train,435,m-adt1-0003_khm_working_in_cambodia_44_0001_0002.wav,គណនេយ្យករសម័យថ្មីត្រូវមានជំនាញច្បាស់លាស់ក្នុងការប្រើប្រាស់ប្រព័ន្ធដាក់លិខិតប្រកាសពន្ធតាមអនឡាញ ដើម្បីធានានូវភាពត្រឹមត្រូវ និងទាន់ពេលវេលា។,គណនេយ្យករសម័យថ្មីត្រូវមានជំនាញច្បាស់លាស់ក្នុងការប្រើប្រាស់ប្រព័ន្ធដាក់លិខិតប្រកាសពន្ធតាមអនឡាញ ដើម្បីធានានូវភាពត្រឹមត្រូវ និងទាន់ពេលវេលា។,m-adt1-0003,Working in Cambodia,Accountants and bookkeepers navigating digital tax systems,1,working_in_cambodia_44_0001_0002,11.099,long_gt_10s,1:working_in_cambodia_44_0001_0002
Digital-Divide-Data/khmer-speech-dataset,train,362,m-adt1-0003_khm_working_in_cambodia_44_0001_0012.wav,ការត្រួតពិនិត្យភាពត្រឹមត្រូវនៃទិន្នន័យមុននឹងបញ្ជូនទៅក្នុងប្រព័ន្ធ គឺជាដំណាក់កាលដែលទាមទារការយកចិត្តទុកដាក់ខ្ពស់បំផុត។,ការត្រួតពិនិត្យភាពត្រឹមត្រូវនៃទិន្នន័យមុននឹងបញ្ជូនទៅក្នុងប្រព័ន្ធ គឺជាដំណាក់កាលដែលទាមទារការយកចិត្តទុកដាក់ខ្ពស់បំផុត។,m-adt1-0003,Working in Cambodia,Accountants and bookkeepers navigating digital tax systems,1,working_in_cambodia_44_0001_0012,10.664,long_gt_10s,1:working_in_cambodia_44_0001_0012
Digital-Divide-Data/khmer-speech-dataset,train,314,m-adt1-0003_khm_working_in_cambodia_44_0001_0014.wav,ការរក្សាទុកឯកសារយោងជាទម្រង់ឌីជីថល ជួយឱ្យការត្រួតពិនិត្យឡើងវិញនូវរាល់ប្រតិបត្តិការមានភាពងាយស្រួល និងរហ័ស។,ការរក្សាទុកឯកសារយោងជាទម្រង់ឌីជីថល ជួយឱ្យការត្រួតពិនិត្យឡើងវិញនូវរាល់ប្រតិបត្តិការមានភាពងាយស្រួល និងរហ័ស។,m-adt1-0003,Working in Cambodia,Accountants and bookkeepers navigating digital tax systems,1,working_in_cambodia_44_0001_0014,9.346,medium_5_to_10s,1:working_in_cambodia_44_0001_0014
Digital-Divide-Data/khmer-speech-dataset,train,52,m-adt1-0003_khm_working_in_cambodia_44_0001_0026.wav,ការប្រើប្រាស់ប្រព័ន្ធឌីជីថលជួយកាត់បន្ថយកំហុសដោយអចេតនា ដែលធ្លាប់កើតមានក្នុងកំឡុងពេលបំពេញបែបបទដោយដៃ។,ការប្រើប្រាស់ប្រព័ន្ធឌីជីថលជួយកាត់បន្ថយកំហុសដោយអចេតនា ដែលធ្លាប់កើតមានក្នុងកំឡុងពេលបំពេញបែបបទដោយដៃ។,m-adt1-0003,Working in Cambodia,Accountants and bookkeepers navigating digital tax systems,1,working_in_cambodia_44_0001_0026,7.999,medium_5_to_10s,1:working_in_cambodia_44_0001_0026
Digital-Divide-Data/khmer-speech-dataset,train,776,m-adt1-0003_khm_working_in_cambodia_44_0001_0032.wav,ការយល់ដឹងអំពីច្បាប់ស្តីពីគណនេយ្យ និងសវនកម្ម គឺជាគ្រឹះដ៏សំខាន់ដែលគណនេយ្យករគ្រប់រូបត្រូវតែប្រកាន់ខ្ជាប់។,ការយល់ដឹងអំពីច្បាប់ស្តីពីគណនេយ្យ និងសវនកម្ម គឺជាគ្រឹះដ៏សំខាន់ដែលគណនេយ្យករគ្រប់រូបត្រូវតែប្រកាន់ខ្ជាប់។,m-adt1-0003,Working in Cambodia,Accountants and bookkeepers navigating digital tax systems,1,working_in_cambodia_44_0001_0032,9.381,medium_5_to_10s,1:working_in_cambodia_44_0001_0032
Digital-Divide-Data/khmer-speech-dataset,train,16,m-adt1-0003_khm_working_in_cambodia_44_0001_0041.wav,គណនេយ្យករនៅតាមបណ្តាក្រុមហ៊ុនបុរី និងអចលនទ្រព្យ ត្រូវយល់ដឹងពីពន្ធប្រថាប់ត្រាតាមប្រព័ន្ធឌីជីថល។,គណនេយ្យករនៅតាមបណ្តាក្រុមហ៊ុនបុរី និងអចលនទ្រព្យ ត្រូវយល់ដឹងពីពន្ធប្រថាប់ត្រាតាមប្រព័ន្ធឌីជីថល។,m-adt1-0003,Working in Cambodia,Accountants and bookkeepers navigating digital tax systems,1,working_in_cambodia_44_0001_0041,7.488,medium_5_to_10s,1:working_in_cambodia_44_0001_0041
Digital-Divide-Data/khmer-speech-dataset,train,577,m-adt1-0003_khm_working_in_cambodia_44_0001_0042.wav,ការប្រើប្រាស់កម្មវិធីទូទាត់ប្រាក់បៀវត្សរ៍ដែលតភ្ជាប់ជាមួយប្រព័ន្ធពន្ធលើប្រាក់បៀវត្សរ៍ ជួយឱ្យការងារគណនេយ្យមានប្រសិទ្ធភាព។,ការប្រើប្រាស់កម្មវិធីទូទាត់ប្រាក់បៀវត្សរ៍ដែលតភ្ជាប់ជាមួយប្រព័ន្ធពន្ធលើប្រាក់បៀវត្សរ៍ ជួយឱ្យការងារគណនេយ្យមានប្រសិទ្ធភាព។,m-adt1-0003,Working in Cambodia,Accountants and bookkeepers navigating digital tax systems,1,working_in_cambodia_44_0001_0042,8.673,medium_5_to_10s,1:working_in_cambodia_44_0001_0042
Digital-Divide-Data/khmer-speech-dataset,train,59,m-adt1-0003_khm_working_in_cambodia_44_0001_0058.wav,ការយល់ដឹងពីប្រព័ន្ធពន្ធដារឌីជីថល គឺជាទ្រព្យសម្បត្តិដ៏មានតម្លៃបំផុតសម្រាប់គណនេយ្យករក្នុងសតវត្សទី២១។,ការយល់ដឹងពីប្រព័ន្ធពន្ធដារឌីជីថល គឺជាទ្រព្យសម្បត្តិដ៏មានតម្លៃបំផុតសម្រាប់គណនេយ្យករក្នុងសតវត្សទី២១។,m-adt1-0003,Working in Cambodia,Accountants and bookkeepers navigating digital tax systems,1,working_in_cambodia_44_0001_0058,9.068,medium_5_to_10s,1:working_in_cambodia_44_0001_0058
Digital-Divide-Data/khmer-speech-dataset,train,272,m-adt1-0005_khm_cambodia’s_social_and_economic_shift_13_0001_0001.wav,"ការផ្លាស់ប្តូរវប្បធម៌នៅកន្លែងធ្វើការក្នុងប្រទេសកម្ពុជានាពេលបច្ចុប្បន្នកំពុងឆ្លុះបញ្ចាំងពីការរីកចម្រើននៃផ្នត់គំនិតថ្មីៗ
ដែលនាំមកនូវភាពវិជ្ជមាន។",ការផ្លាស់ប្តូរវប្បធម៌នៅកន្លែងធ្វើការក្នុងប្រទេសកម្ពុជានាពេលបច្ចុប្បន្នកំពុងឆ្លុះបញ្ចាំងពីការរីកចម្រើននៃផ្នត់គំនិតថ្មីៗ ដែលនាំមកនូវភាពវិជ្ជមាន។,m-adt1-0005,Cambodia’s Social and Economic Shift,"ការផ្លាស់ប្តូរវប្បធម៌នៅកន្លែងធ្វើការ
Workplace culture changes",1,cambodia’s_social_and_economic_shift_13_0001_0001,10.67,long_gt_10s,1:cambodia’s_social_and_economic_shift_13_0001_0001
Digital-Divide-Data/khmer-speech-dataset,train,177,m-adt1-0005_khm_cambodia’s_social_and_economic_shift_13_0001_0002.wav,សហគ្រាសក្នុងស្រុកជាច្រើនចាប់ផ្តើមយល់ឃើញថាការធ្វើការលើសកម្លាំងមិនមែនជាគន្លឹះតែមួយគត់នៃភាពជោគជ័យឡើយ។,សហគ្រាសក្នុងស្រុកជាច្រើនចាប់ផ្តើមយល់ឃើញថាការធ្វើការលើសកម្លាំងមិនមែនជាគន្លឹះតែមួយគត់នៃភាពជោគជ័យឡើយ។,m-adt1-0005,Cambodia’s Social and Economic Shift,"ការផ្លាស់ប្តូរវប្បធម៌នៅកន្លែងធ្វើការ
Workplace culture changes",1,cambodia’s_social_and_economic_shift_13_0001_0002,10.23,long_gt_10s,1:cambodia’s_social_and_economic_shift_13_0001_0002
Digital-Divide-Data/khmer-speech-dataset,train,703,m-adt1-0005_khm_cambodia’s_social_and_economic_shift_13_0001_0003.wav,តុល្យភាពរវាងជីវិតបុគ្គល និងការបំពេញភារកិច្ចជួយឱ្យបុគ្គលិកមានសុខភាពល្អប្រសើរនិងមានកម្លាំងចិត្តបន្តការងារវែងឆ្ងាយ។,តុល្យភាពរវាងជីវិតបុគ្គល និងការបំពេញភារកិច្ចជួយឱ្យបុគ្គលិកមានសុខភាពល្អប្រសើរនិងមានកម្លាំងចិត្តបន្តការងារវែងឆ្ងាយ។,m-adt1-0005,Cambodia’s Social and Economic Shift,"ការផ្លាស់ប្តូរវប្បធម៌នៅកន្លែងធ្វើការ
Workplace culture changes",1,cambodia’s_social_and_economic_shift_13_0001_0003,9.25,medium_5_to_10s,1:cambodia’s_social_and_economic_shift_13_0001_0003
Digital-Divide-Data/khmer-speech-dataset,train,8,m-adt1-0005_khm_cambodia’s_social_and_economic_shift_13_0001_0006.wav,បុគ្គលិកដែលមានពេលវេលាគ្រប់គ្រាន់សម្រាប់ក្រុមគ្រួសារតែងតែបង្ហាញនូវផលិតភាពការងារខ្ពស់ជាងមុននៅពេលត្រឡប់មកការិយាល័យ។,បុគ្គលិកដែលមានពេលវេលាគ្រប់គ្រាន់សម្រាប់ក្រុមគ្រួសារតែងតែបង្ហាញនូវផលិតភាពការងារខ្ពស់ជាងមុននៅពេលត្រឡប់មកការិយាល័យ។,m-adt1-0005,Cambodia’s Social and Economic Shift,"ការផ្លាស់ប្តូរវប្បធម៌នៅកន្លែងធ្វើការ
Workplace culture changes",1,cambodia’s_social_and_economic_shift_13_0001_0006,8.65,medium_5_to_10s,1:cambodia’s_social_and_economic_shift_13_0001_0006
Digital-Divide-Data/khmer-speech-dataset,train,151,m-adt1-0005_khm_cambodia’s_social_and_economic_shift_13_0001_0014.wav,មេដឹកនាំស្ថាប័នគំរូតែងតែសាកសួរពីសុខទុក្ខនិងការរស់នៅរបស់បុគ្គលិក ដើម្បីបង្កើតបរិយាកាសការងារដែលមានភាពកក់ក្តៅ។,មេដឹកនាំស្ថាប័នគំរូតែងតែសាកសួរពីសុខទុក្ខនិងការរស់នៅរបស់បុគ្គលិក ដើម្បីបង្កើតបរិយាកាសការងារដែលមានភាពកក់ក្តៅ។,m-adt1-0005,Cambodia’s Social and Economic Shift,"ការផ្លាស់ប្តូរវប្បធម៌នៅកន្លែងធ្វើការ
Workplace culture changes",1,cambodia’s_social_and_economic_shift_13_0001_0014,8.69,medium_5_to_10s,1:cambodia’s_social_and_economic_shift_13_0001_0014
Digital-Divide-Data/khmer-speech-dataset,train,189,m-adt1-0005_khm_cambodia’s_social_and_economic_shift_13_0001_0016.wav,យុវជនជំនាន់ក្រោយមាននិន្នាការជ្រើសរើសក្រុមហ៊ុនដែលផ្តល់អាទិភាពលើតុល្យភាពជីវិត និងការបំពេញការងារប្រកបដោយគុណភាព។,យុវជនជំនាន់ក្រោយមាននិន្នាការជ្រើសរើសក្រុមហ៊ុនដែលផ្តល់អាទិភាពលើតុល្យភាពជីវិត និងការបំពេញការងារប្រកបដោយគុណភាព។,m-adt1-0005,Cambodia’s Social and Economic Shift,"ការផ្លាស់ប្តូរវប្បធម៌នៅកន្លែងធ្វើការ
Workplace culture changes",1,cambodia’s_social_and_economic_shift_13_0001_0016,8.58,medium_5_to_10s,1:cambodia’s_social_and_economic_shift_13_0001_0016
Digital-Divide-Data/khmer-speech-dataset,train,166,m-adt1-0005_khm_cambodia’s_social_and_economic_shift_13_0001_0018.wav,ការជំរុញឱ្យមានការសម្រាកញ៉ាំអាហារថ្ងៃត្រង់ដោយមិនមានការរំខានពីរឿងការងារជួយបង្កើនសុខភាពផ្លូវចិត្តដល់បុគ្គលិកគ្រប់គ្នា។,ការជំរុញឱ្យមានការសម្រាកញ៉ាំអាហារថ្ងៃត្រង់ដោយមិនមានការរំខានពីរឿងការងារជួយបង្កើនសុខភាពផ្លូវចិត្តដល់បុគ្គលិកគ្រប់គ្នា។,m-adt1-0005,Cambodia’s Social and Economic Shift,"ការផ្លាស់ប្តូរវប្បធម៌នៅកន្លែងធ្វើការ
Workplace culture changes",1,cambodia’s_social_and_economic_shift_13_0001_0018,9.19,medium_5_to_10s,1:cambodia’s_social_and_economic_shift_13_0001_0018
Digital-Divide-Data/khmer-speech-dataset,train,193,m-adt1-0005_khm_cambodia’s_social_and_economic_shift_13_0001_0022.wav,ការគ្រប់គ្រងពេលវេលាបានល្អ គឺជាសញ្ញាណនៃវិជ្ជាជីវៈខ្ពស់ដែលបុគ្គលិកនិងនិយោជកត្រូវតែសហការគ្នាសម្រេចឱ្យបានជោគជ័យ។,ការគ្រប់គ្រងពេលវេលាបានល្អ គឺជាសញ្ញាណនៃវិជ្ជាជីវៈខ្ពស់ដែលបុគ្គលិកនិងនិយោជកត្រូវតែសហការគ្នាសម្រេចឱ្យបានជោគជ័យ។,m-adt1-0005,Cambodia’s Social and Economic Shift,"ការផ្លាស់ប្តូរវប្បធម៌នៅកន្លែងធ្វើការ
Workplace culture changes",1,cambodia’s_social_and_economic_shift_13_0001_0022,8.88,medium_5_to_10s,1:cambodia’s_social_and_economic_shift_13_0001_0022
Digital-Divide-Data/khmer-speech-dataset,train,908,m-adt1-0005_khm_cambodia’s_social_and_economic_shift_13_0001_0023.wav,ក្រុមហ៊ុនដែលយកចិត្តទុកដាក់លើតុល្យភាពជីវិតតែងតែទទួលបានការគាំទ្រ និងការកោតសរសើរពីសាធារណជនក្នុងសង្គមបច្ចុប្បន្ន។,ក្រុមហ៊ុនដែលយកចិត្តទុកដាក់លើតុល្យភាពជីវិតតែងតែទទួលបានការគាំទ្រ និងការកោតសរសើរពីសាធារណជនក្នុងសង្គមបច្ចុប្បន្ន។,m-adt1-0005,Cambodia’s Social and Economic Shift,"ការផ្លាស់ប្តូរវប្បធម៌នៅកន្លែងធ្វើការ
Workplace culture changes",1,cambodia’s_social_and_economic_shift_13_0001_0023,8.56,medium_5_to_10s,1:cambodia’s_social_and_economic_shift_13_0001_0023
Digital-Divide-Data/khmer-speech-dataset,train,187,m-adt1-0005_khm_cambodia’s_social_and_economic_shift_13_0001_0024.wav,ការកែលម្អវប្បធម៌ការងារឱ្យកាន់តែប្រសើរឡើង គឺជាកិច្ចការចាំបាច់ដែលត្រូវធ្វើជាប្រចាំដើម្បីភាពរីកចម្រើននៃសេដ្ឋកិច្ចជាតិ។,ការកែលម្អវប្បធម៌ការងារឱ្យកាន់តែប្រសើរឡើង គឺជាកិច្ចការចាំបាច់ដែលត្រូវធ្វើជាប្រចាំដើម្បីភាពរីកចម្រើននៃសេដ្ឋកិច្ចជាតិ។,m-adt1-0005,Cambodia’s Social and Economic Shift,"ការផ្លាស់ប្តូរវប្បធម៌នៅកន្លែងធ្វើការ
Workplace culture changes",1,cambodia’s_social_and_economic_shift_13_0001_0024,9.11,medium_5_to_10s,1:cambodia’s_social_and_economic_shift_13_0001_0024
Digital-Divide-Data/khmer-speech-dataset,train,794,m-adt1-0005_khm_cambodia’s_social_and_economic_shift_13_0001_0029.wav,ការគោរពជំនឿសាសនានិងប្រពៃណីរបស់សហការីម្នាក់ៗនាំមកនូវភាពសុខដុមរមនានៅក្នុងបរិយាកាសការងាររួមគ្នារាល់ថ្ងៃ។,ការគោរពជំនឿសាសនានិងប្រពៃណីរបស់សហការីម្នាក់ៗនាំមកនូវភាពសុខដុមរមនានៅក្នុងបរិយាកាសការងាររួមគ្នារាល់ថ្ងៃ។,m-adt1-0005,Cambodia’s Social and Economic Shift,"ការផ្លាស់ប្តូរវប្បធម៌នៅកន្លែងធ្វើការ
Workplace culture changes",1,cambodia’s_social_and_economic_shift_13_0001_0029,9.18,medium_5_to_10s,1:cambodia’s_social_and_economic_shift_13_0001_0029
Digital-Divide-Data/khmer-speech-dataset,train,108,m-adt1-0005_khm_cambodia’s_social_and_economic_shift_13_0001_0033.wav,ការយល់ដឹងពីតម្លៃនៃភាពចម្រុះនឹងជួយឱ្យក្រុមការងារអាចដោះស្រាយបញ្ហាប្រឈមនានាបានដោយមានភាពបត់បែននិងប្រសិទ្ធភាព។,ការយល់ដឹងពីតម្លៃនៃភាពចម្រុះនឹងជួយឱ្យក្រុមការងារអាចដោះស្រាយបញ្ហាប្រឈមនានាបានដោយមានភាពបត់បែននិងប្រសិទ្ធភាព។,m-adt1-0005,Cambodia’s Social and Economic Shift,"ការផ្លាស់ប្តូរវប្បធម៌នៅកន្លែងធ្វើការ
Workplace culture changes",1,cambodia’s_social_and_economic_shift_13_0001_0033,8.35,medium_5_to_10s,1:cambodia’s_social_and_economic_shift_13_0001_0033
Digital-Divide-Data/khmer-speech-dataset,train,149,m-adt1-0005_khm_pursuing_hobbies_54_0001_0019.wav,គណៈកម្មការត្រូវផ្ដល់យោបល់ដោយក្ដីស្រឡាញ់ ដើម្បី លើកទឹកចិត្តដល់យុវជនឱ្យបន្តដំណើរលើវិថីសិល្បៈតទៅទៀត។,គណៈកម្មការត្រូវផ្ដល់យោបល់ដោយក្ដីស្រឡាញ់ ដើម្បី លើកទឹកចិត្តដល់យុវជនឱ្យបន្តដំណើរលើវិថីសិល្បៈតទៅទៀត។,m-adt1-0005,Pursuing Hobbies,"ការរៀបចំការប្រកួតចម្រៀងការ៉ាអូខេ
Organizing Karaoke Competitions",1,pursuing_hobbies_54_0001_0019,9.82,medium_5_to_10s,1:pursuing_hobbies_54_0001_0019
Digital-Divide-Data/khmer-speech-dataset,train,197,m-adt1-0005_khm_pursuing_hobbies_54_0001_0025.wav,ការធ្វើតេស្តឧបករណ៍មុនពេលចាប់ផ្ដើមគឺជាកិច្ចការចាំបាច់បំផុតដើម្បីការពារបញ្ហារអាក់រអួលណាមួយ។,ការធ្វើតេស្តឧបករណ៍មុនពេលចាប់ផ្ដើមគឺជាកិច្ចការចាំបាច់បំផុតដើម្បីការពារបញ្ហារអាក់រអួលណាមួយ។,m-adt1-0005,Pursuing Hobbies,"ការរៀបចំការប្រកួតចម្រៀងការ៉ាអូខេ
Organizing Karaoke Competitions",1,pursuing_hobbies_54_0001_0025,8.42,medium_5_to_10s,1:pursuing_hobbies_54_0001_0025
Digital-Divide-Data/khmer-speech-dataset,train,456,m-adt1-0005_khm_pursuing_hobbies_54_0001_0028.wav,សុវត្ថិភាពផ្នែកអគ្គិសនីត្រូវតែត្រួតពិនិត្យឱ្យបានខ្ជាប់ខ្ជួនដើម្បីការពារគ្រោះថ្នាក់ដែលមើលមិនឃើញ។,សុវត្ថិភាពផ្នែកអគ្គិសនីត្រូវតែត្រួតពិនិត្យឱ្យបានខ្ជាប់ខ្ជួនដើម្បីការពារគ្រោះថ្នាក់ដែលមើលមិនឃើញ។,m-adt1-0005,Pursuing Hobbies,"ការរៀបចំការប្រកួតចម្រៀងការ៉ាអូខេ
Organizing Karaoke Competitions",1,pursuing_hobbies_54_0001_0028,7.17,medium_5_to_10s,1:pursuing_hobbies_54_0001_0028
Digital-Divide-Data/khmer-speech-dataset,train,566,m-adt1-0005_khm_pursuing_hobbies_54_0001_0036.wav,ទំនាក់ទំនងល្អរវាងអ្នករៀបចំ និង អ្នកឧបត្ថម្ភនឹងនាំមកនូវភាពជោគជ័យយូរអង្វែងសម្រាប់ឆ្នាំបន្តបន្ទាប់។,ទំនាក់ទំនងល្អរវាងអ្នករៀបចំ និង អ្នកឧបត្ថម្ភនឹងនាំមកនូវភាពជោគជ័យយូរអង្វែងសម្រាប់ឆ្នាំបន្តបន្ទាប់។,m-adt1-0005,Pursuing Hobbies,"ការរៀបចំការប្រកួតចម្រៀងការ៉ាអូខេ
Organizing Karaoke Competitions",1,pursuing_hobbies_54_0001_0036,7.96,medium_5_to_10s,1:pursuing_hobbies_54_0001_0036
Digital-Divide-Data/khmer-speech-dataset,train,949,m-adt1-0005_khm_pursuing_hobbies_54_0001_0041.wav,យុទ្ធនាការផ្សព្វផ្សាយតាមបណ្ដាញសង្គមនឹងជួយឱ្យព័ត៌មានរីកសាយភាយបានឆាប់រហ័សដល់មហាជន។,យុទ្ធនាការផ្សព្វផ្សាយតាមបណ្ដាញសង្គមនឹងជួយឱ្យព័ត៌មានរីកសាយភាយបានឆាប់រហ័សដល់មហាជន។,m-adt1-0005,Pursuing Hobbies,"ការរៀបចំការប្រកួតចម្រៀងការ៉ាអូខេ
Organizing Karaoke Competitions",1,pursuing_hobbies_54_0001_0041,8.15,medium_5_to_10s,1:pursuing_hobbies_54_0001_0041
Digital-Divide-Data/khmer-speech-dataset,train,95,m-adt1-0005_khm_pursuing_hobbies_54_0001_0042.wav,រូបភាពផ្សព្វផ្សាយត្រូវតែមានភាពទាក់ទាញភ្នែក និង មានព័ត៌មានច្បាស់លាស់ងាយស្រួលយល់។,រូបភាពផ្សព្វផ្សាយត្រូវតែមានភាពទាក់ទាញភ្នែក និង មានព័ត៌មានច្បាស់លាស់ងាយស្រួលយល់។,m-adt1-0005,Pursuing Hobbies,"ការរៀបចំការប្រកួតចម្រៀងការ៉ាអូខេ
Organizing Karaoke Competitions",1,pursuing_hobbies_54_0001_0042,6.38,medium_5_to_10s,1:pursuing_hobbies_54_0001_0042
Digital-Divide-Data/khmer-speech-dataset,train,524,m-adt1-0005_khm_pursuing_hobbies_54_0001_0045.wav,ពិធីករដែលមានវោហារស័ព្ទផ្អែមល្ហែមនឹងធ្វើឱ្យកម្មវិធីទាំងមូលមានភាពរីករាយ​ និង មិនធុញទ្រាន់ឡើយ។,ពិធីករដែលមានវោហារស័ព្ទផ្អែមល្ហែមនឹងធ្វើឱ្យកម្មវិធីទាំងមូលមានភាពរីករាយ​ និង មិនធុញទ្រាន់ឡើយ។,m-adt1-0005,Pursuing Hobbies,"ការរៀបចំការប្រកួតចម្រៀងការ៉ាអូខេ
Organizing Karaoke Competitions",1,pursuing_hobbies_54_0001_0045,7.54,medium_5_to_10s,1:pursuing_hobbies_54_0001_0045
Digital-Divide-Data/khmer-speech-dataset,train,198,m-adt1-0005_khm_pursuing_hobbies_54_0001_0047.wav,សំបុត្រចូលរួមទស្សនាគួរតែមានតម្លៃសមរម្យដើម្បីផ្ដល់ឱកាសឱ្យមហាជនគ្រប់ស្រទាប់បានមកកម្សាន្ត។,សំបុត្រចូលរួមទស្សនាគួរតែមានតម្លៃសមរម្យដើម្បីផ្ដល់ឱកាសឱ្យមហាជនគ្រប់ស្រទាប់បានមកកម្សាន្ត។,m-adt1-0005,Pursuing Hobbies,"ការរៀបចំការប្រកួតចម្រៀងការ៉ាអូខេ
Organizing Karaoke Competitions",1,pursuing_hobbies_54_0001_0047,7.95,medium_5_to_10s,1:pursuing_hobbies_54_0001_0047
Digital-Divide-Data/khmer-speech-dataset,train,143,m-adt1-0005_khm_pursuing_hobbies_54_0001_0054.wav,បង្គន់អនាម័យ ឬ បរិស្ថានជុំវិញត្រូវមានភាពស្អាតជានិច្ចគឺជាចំណុចដែលមិនគួររំលងឡើយ។,បង្គន់អនាម័យ ឬ បរិស្ថានជុំវិញត្រូវមានភាពស្អាតជានិច្ចគឺជាចំណុចដែលមិនគួររំលងឡើយ។,m-adt1-0005,Pursuing Hobbies,"ការរៀបចំការប្រកួតចម្រៀងការ៉ាអូខេ
Organizing Karaoke Competitions",1,pursuing_hobbies_54_0001_0054,7.34,medium_5_to_10s,1:pursuing_hobbies_54_0001_0054
Digital-Divide-Data/khmer-speech-dataset,train,274,m-adt1-0005_khm_pursuing_hobbies_54_0001_0055.wav,ក្រុមការងារស្ម័គ្រចិត្តត្រូវតែមានភាពរហ័សរហួនក្នុងការជួយសម្របសម្រួលកិច្ចការទូទៅក្នុងសាល។,ក្រុមការងារស្ម័គ្រចិត្តត្រូវតែមានភាពរហ័សរហួនក្នុងការជួយសម្របសម្រួលកិច្ចការទូទៅក្នុងសាល។,m-adt1-0005,Pursuing Hobbies,"ការរៀបចំការប្រកួតចម្រៀងការ៉ាអូខេ
Organizing Karaoke Competitions",1,pursuing_hobbies_54_0001_0055,7.31,medium_5_to_10s,1:pursuing_hobbies_54_0001_0055
Digital-Divide-Data/khmer-speech-dataset,train,3,m-adt1-0005_khm_pursuing_hobbies_54_0001_0057.wav,ពិធីករត្រូវដឹងពីរបៀបដោះស្រាយបញ្ហាចៃដន្យលើឆាកឱ្យបានល្អដើម្បីរក្សាមុខមាត់របស់កម្មវិធី។,ពិធីករត្រូវដឹងពីរបៀបដោះស្រាយបញ្ហាចៃដន្យលើឆាកឱ្យបានល្អដើម្បីរក្សាមុខមាត់របស់កម្មវិធី។,m-adt1-0005,Pursuing Hobbies,"ការរៀបចំការប្រកួតចម្រៀងការ៉ាអូខេ
Organizing Karaoke Competitions",1,pursuing_hobbies_54_0001_0057,7.66,medium_5_to_10s,1:pursuing_hobbies_54_0001_0057
Digital-Divide-Data/khmer-speech-dataset,train,113,m-adt1-0005_khm_pursuing_hobbies_54_0001_0059.wav,ឯកសាររូបភាព ឬ វីដេអូត្រូវរក្សាទុកឱ្យបានល្អសម្រាប់ប្រើប្រាស់ក្នុងការផ្សព្វផ្សាយនាពេលអនាគត។,ឯកសាររូបភាព ឬ វីដេអូត្រូវរក្សាទុកឱ្យបានល្អសម្រាប់ប្រើប្រាស់ក្នុងការផ្សព្វផ្សាយនាពេលអនាគត។,m-adt1-0005,Pursuing Hobbies,"ការរៀបចំការប្រកួតចម្រៀងការ៉ាអូខេ
Organizing Karaoke Competitions",1,pursuing_hobbies_54_0001_0059,7.42,medium_5_to_10s,1:pursuing_hobbies_54_0001_0059
Digital-Divide-Data/khmer-speech-dataset,train,784,m-adt1-0005_khm_pursuing_hobbies_54_0001_0061.wav,បេក្ខជនគ្រប់រូបត្រូវតែរៀបចំខ្លួនឱ្យបានស្អាតបាតដើម្បីបង្ហាញពីការផ្ដល់កិត្តិយសដល់ទស្សនិកជន។,បេក្ខជនគ្រប់រូបត្រូវតែរៀបចំខ្លួនឱ្យបានស្អាតបាតដើម្បីបង្ហាញពីការផ្ដល់កិត្តិយសដល់ទស្សនិកជន។,m-adt1-0005,Pursuing Hobbies,"ការរៀបចំការប្រកួតចម្រៀងការ៉ាអូខេ
Organizing Karaoke Competitions",1,pursuing_hobbies_54_0001_0061,8.25,medium_5_to_10s,1:pursuing_hobbies_54_0001_0061
Digital-Divide-Data/khmer-speech-dataset,train,443,m-adt1-0005_khm_pursuing_hobbies_54_0001_0062.wav,ពាក្យសម្ដីដ៏សមរម្យរបស់ពិធីករនឹងលើកកម្ពស់សីលធម៌នៃកម្មវិធីទាំងមូលឱ្យកាន់តែខ្ពង់ខ្ពស់។,ពាក្យសម្ដីដ៏សមរម្យរបស់ពិធីករនឹងលើកកម្ពស់សីលធម៌នៃកម្មវិធីទាំងមូលឱ្យកាន់តែខ្ពង់ខ្ពស់។,m-adt1-0005,Pursuing Hobbies,"ការរៀបចំការប្រកួតចម្រៀងការ៉ាអូខេ
Organizing Karaoke Competitions",1,pursuing_hobbies_54_0001_0062,7.48,medium_5_to_10s,1:pursuing_hobbies_54_0001_0062
Digital-Divide-Data/khmer-speech-dataset,train,565,m-adt2-0002_khm_folklore_song_17_0001_0029.wav,បើងាកមកចាប់អារម្មណ៍លើបច្ចេកទេសនៃការច្រៀងវិញ យើងនឹងឃើញនូវលក្ខណៈពិសេសមួយហៅថា  ការបង្ហើរសំនៀងវែងៗ  ដែលជាការបន្លឺសម្លេងព្យាង្គតែមួយ ប៉ុន្តែមានការប្រែប្រួលខ្ពស់ទាបនៃអក្ខរាវិរុទ្ធជាច្រើនដំណាក់កាល។,បើងាកមកចាប់អារម្មណ៍លើបច្ចេកទេសនៃការច្រៀងវិញ យើងនឹងឃើញនូវលក្ខណៈពិសេសមួយហៅថា ការបង្ហើរសំនៀងវែងៗ ដែលជាការបន្លឺសម្លេងព្យាង្គតែមួយ ប៉ុន្តែមានការប្រែប្រួលខ្ពស់ទាបនៃអក្ខរាវិរុទ្ធជាច្រើនដំណាក់កាល។,m-adt2-0002,Folklore Song,"Ethnic minority (Jarai, Cham, Kuy, Stieng) folk song traditions in Cambodia (ជនជាតិភាគតិច (ចារាយ, ចាម, គុយ, ស្ទៀង) ប្រពៃណីចម្រៀងប្រជាប្រិយនៅកម្ពុជា)",1,folklore_song_17_0001_0029,16.07,long_gt_10s,1:folklore_song_17_0001_0029
Digital-Divide-Data/khmer-speech-dataset,train,714,m-adt2-0002_khm_folklore_song_17_0001_0031.wav,ការច្រៀងបែបនេះតម្រូវឱ្យអ្នកចម្រៀងមានកម្លាំងខ្យល់វែង និងមានសមត្ថភាពខ្ពស់ក្នុងការគ្រប់គ្រងបំពង់ក។,ការច្រៀងបែបនេះតម្រូវឱ្យអ្នកចម្រៀងមានកម្លាំងខ្យល់វែង និងមានសមត្ថភាពខ្ពស់ក្នុងការគ្រប់គ្រងបំពង់ក។,m-adt2-0002,Folklore Song,"Ethnic minority (Jarai, Cham, Kuy, Stieng) folk song traditions in Cambodia (ជនជាតិភាគតិច (ចារាយ, ចាម, គុយ, ស្ទៀង) ប្រពៃណីចម្រៀងប្រជាប្រិយនៅកម្ពុជា)",1,folklore_song_17_0001_0031,7.6,medium_5_to_10s,1:folklore_song_17_0001_0031
Digital-Divide-Data/khmer-speech-dataset,train,826,m-adt2-0002_khm_folklore_song_17_0001_0033.wav,សិល្បៈចម្រៀងរបស់ជនជាតិចាមគឺជាត្បូងពេជ្រវប្បធម៌មួយដែលមិនត្រឹមតែរក្សានូវកេរដំណែលពីអតីតកាលប៉ុណ្ណោះទេ ប៉ុន្តែវាក៏បានសម្របខ្លួនទៅនឹងបរិបទសង្គមថ្មីៗផងដែរ។,សិល្បៈចម្រៀងរបស់ជនជាតិចាមគឺជាត្បូងពេជ្រវប្បធម៌មួយដែលមិនត្រឹមតែរក្សានូវកេរដំណែលពីអតីតកាលប៉ុណ្ណោះទេ ប៉ុន្តែវាក៏បានសម្របខ្លួនទៅនឹងបរិបទសង្គមថ្មីៗផងដែរ។,m-adt2-0002,Folklore Song,"Ethnic minority (Jarai, Cham, Kuy, Stieng) folk song traditions in Cambodia (ជនជាតិភាគតិច (ចារាយ, ចាម, គុយ, ស្ទៀង) ប្រពៃណីចម្រៀងប្រជាប្រិយនៅកម្ពុជា)",1,folklore_song_17_0001_0033,14.01,long_gt_10s,1:folklore_song_17_0001_0033
Digital-Divide-Data/khmer-speech-dataset,train,881,m-adt2-0002_khm_folklore_song_17_0001_0034.wav,រាល់បទចម្រៀង និងស្នូរស្គរដែលបន្លឺឡើង គឺជាសារសំឡេងដែលបញ្ជាក់ពីភាពរឹងមាំនៃជំនឿ និងការបន្តវេននូវអត្តសញ្ញាណដ៏វិសេសវិសាលរបស់ពួកគេនៅក្នុងដែនដីសុវណ្ណភូមិ។,រាល់បទចម្រៀង និងស្នូរស្គរដែលបន្លឺឡើង គឺជាសារសំឡេងដែលបញ្ជាក់ពីភាពរឹងមាំនៃជំនឿ និងការបន្តវេននូវអត្តសញ្ញាណដ៏វិសេសវិសាលរបស់ពួកគេនៅក្នុងដែនដីសុវណ្ណភូមិ។,m-adt2-0002,Folklore Song,"Ethnic minority (Jarai, Cham, Kuy, Stieng) folk song traditions in Cambodia (ជនជាតិភាគតិច (ចារាយ, ចាម, គុយ, ស្ទៀង) ប្រពៃណីចម្រៀងប្រជាប្រិយនៅកម្ពុជា)",1,folklore_song_17_0001_0034,14.4,long_gt_10s,1:folklore_song_17_0001_0034
Digital-Divide-Data/khmer-speech-dataset,train,720,m-adt2-0002_khm_folklore_song_17_0001_0040.wav,ឧបករណ៍តន្ត្រីដែលតំណាងឲ្យព្រលឹងរបស់ជនជាតិគុយយ៉ាងពិតប្រាកដគឺ  ផ្លយ  ដែលត្រូវបានចាត់ទុកថាជាមិត្តដ៏ស្មោះត្រង់របស់អ្នករស់នៅតាមដងភ្នំ។,ឧបករណ៍តន្ត្រីដែលតំណាងឲ្យព្រលឹងរបស់ជនជាតិគុយយ៉ាងពិតប្រាកដគឺ ផ្លយ ដែលត្រូវបានចាត់ទុកថាជាមិត្តដ៏ស្មោះត្រង់របស់អ្នករស់នៅតាមដងភ្នំ។,m-adt2-0002,Folklore Song,"Ethnic minority (Jarai, Cham, Kuy, Stieng) folk song traditions in Cambodia (ជនជាតិភាគតិច (ចារាយ, ចាម, គុយ, ស្ទៀង) ប្រពៃណីចម្រៀងប្រជាប្រិយនៅកម្ពុជា)",1,folklore_song_17_0001_0040,11.7,long_gt_10s,1:folklore_song_17_0001_0040
Digital-Divide-Data/khmer-speech-dataset,train,840,m-adt2-0002_khm_folklore_song_17_0001_0044.wav,ចំណុចពិសេសដែលធ្វើឲ្យចម្រៀងគុយប្លែកពីក្រុមជនជាតិដទៃទៀត គឺការផ្សារភ្ជាប់យ៉ាងជិតស្និទ្ធរវាង  ចម្រៀង  និង  មុខរបរ ។,ចំណុចពិសេសដែលធ្វើឲ្យចម្រៀងគុយប្លែកពីក្រុមជនជាតិដទៃទៀត គឺការផ្សារភ្ជាប់យ៉ាងជិតស្និទ្ធរវាង ចម្រៀង និង មុខរបរ ។,m-adt2-0002,Folklore Song,"Ethnic minority (Jarai, Cham, Kuy, Stieng) folk song traditions in Cambodia (ជនជាតិភាគតិច (ចារាយ, ចាម, គុយ, ស្ទៀង) ប្រពៃណីចម្រៀងប្រជាប្រិយនៅកម្ពុជា)",1,folklore_song_17_0001_0044,8.94,medium_5_to_10s,1:folklore_song_17_0001_0044
Digital-Divide-Data/khmer-speech-dataset,train,790,m-adt2-0002_khm_folklore_song_17_0001_0048.wav,ទំនុកច្រៀងទាំងនេះមិនត្រឹមតែជាពាក្យពេចន៍ធម្មតានោះទេ ប៉ុន្តែវាគឺជាពាក្យស្លោក និងមន្តអាគមដែលត្រូវបានផ្ទេរមកពីគ្រូហ្មដំរីជំនាន់មុនៗ ដើម្បីធានាបាននូវសុវត្ថិភាព និងភាពជោគជ័យនៅក្នុងបេសកកម្មដ៏គ្រោះថ្នាក់ក្នុងព្រៃជ្រៅ។,ទំនុកច្រៀងទាំងនេះមិនត្រឹមតែជាពាក្យពេចន៍ធម្មតានោះទេ ប៉ុន្តែវាគឺជាពាក្យស្លោក និងមន្តអាគមដែលត្រូវបានផ្ទេរមកពីគ្រូហ្មដំរីជំនាន់មុនៗ ដើម្បីធានាបាននូវសុវត្ថិភាព និងភាពជោគជ័យនៅក្នុងបេសកកម្មដ៏គ្រោះថ្នាក់ក្នុងព្រៃជ្រៅ។,m-adt2-0002,Folklore Song,"Ethnic minority (Jarai, Cham, Kuy, Stieng) folk song traditions in Cambodia (ជនជាតិភាគតិច (ចារាយ, ចាម, គុយ, ស្ទៀង) ប្រពៃណីចម្រៀងប្រជាប្រិយនៅកម្ពុជា)",1,folklore_song_17_0001_0048,18.01,long_gt_10s,1:folklore_song_17_0001_0048
Digital-Divide-Data/khmer-speech-dataset,train,936,m-adt2-0002_khm_folklore_song_17_0001_0053.wav,ការអភិរក្សសិល្បៈចម្រៀងរបស់ជនជាតិគុយ គឺធ្វើឡើងតាមរយៈការរក្សានូវភាសានិយាយផ្ទាល់ខ្លួនយ៉ាងខ្ជាប់ខ្ជួន។,ការអភិរក្សសិល្បៈចម្រៀងរបស់ជនជាតិគុយ គឺធ្វើឡើងតាមរយៈការរក្សានូវភាសានិយាយផ្ទាល់ខ្លួនយ៉ាងខ្ជាប់ខ្ជួន។,m-adt2-0002,Folklore Song,"Ethnic minority (Jarai, Cham, Kuy, Stieng) folk song traditions in Cambodia (ជនជាតិភាគតិច (ចារាយ, ចាម, គុយ, ស្ទៀង) ប្រពៃណីចម្រៀងប្រជាប្រិយនៅកម្ពុជា)",1,folklore_song_17_0001_0053,8.72,medium_5_to_10s,1:folklore_song_17_0001_0053
Digital-Divide-Data/khmer-speech-dataset,train,912,m-adt2-0002_khm_folklore_song_17_0001_0055.wav,ទំនុកច្រៀងដែលរៀបរាប់ពីការគោរពព្រៃភ្នំ មិនត្រឹមតែបង្ហាញពីជំនឿលើសាសនា និងអាទិទេពប៉ុណ្ណោះទេ។,ទំនុកច្រៀងដែលរៀបរាប់ពីការគោរពព្រៃភ្នំ មិនត្រឹមតែបង្ហាញពីជំនឿលើសាសនា និងអាទិទេពប៉ុណ្ណោះទេ។,m-adt2-0002,Folklore Song,"Ethnic minority (Jarai, Cham, Kuy, Stieng) folk song traditions in Cambodia (ជនជាតិភាគតិច (ចារាយ, ចាម, គុយ, ស្ទៀង) ប្រពៃណីចម្រៀងប្រជាប្រិយនៅកម្ពុជា)",1,folklore_song_17_0001_0055,7.99,medium_5_to_10s,1:folklore_song_17_0001_0055
Digital-Divide-Data/khmer-speech-dataset,train,800,m-adt2-0002_khm_folklore_song_17_0001_0057.wav,ការច្រៀងរៀបរាប់ពីប្រពៃណីរបស់ពួកគេ គឺជាការបញ្ជាក់ថា ដរាបណាសម្លេងផ្លយនៅតែបន្លឺឡើង ហើយភាសាគុយនៅតែត្រូវបានគេច្រៀង នោះវិញ្ញាណក្ខន្ធ និងវប្បធម៌របស់ជនជាតិគុយនឹងនៅតែបន្តមានជីវិតជានិរន្តរ៍នៅលើទឹកដីកម្ពុជា។,ការច្រៀងរៀបរាប់ពីប្រពៃណីរបស់ពួកគេ គឺជាការបញ្ជាក់ថា ដរាបណាសម្លេងផ្លយនៅតែបន្លឺឡើង ហើយភាសាគុយនៅតែត្រូវបានគេច្រៀង នោះវិញ្ញាណក្ខន្ធ និងវប្បធម៌របស់ជនជាតិគុយនឹងនៅតែបន្តមានជីវិតជានិរន្តរ៍នៅលើទឹកដីកម្ពុជា។,m-adt2-0002,Folklore Song,"Ethnic minority (Jarai, Cham, Kuy, Stieng) folk song traditions in Cambodia (ជនជាតិភាគតិច (ចារាយ, ចាម, គុយ, ស្ទៀង) ប្រពៃណីចម្រៀងប្រជាប្រិយនៅកម្ពុជា)",1,folklore_song_17_0001_0057,17.1,long_gt_10s,1:folklore_song_17_0001_0057
Digital-Divide-Data/khmer-speech-dataset,train,934,m-adt2-0002_khm_folklore_song_17_0001_0058.wav,វង់​តន្ដ្រី​របស់​បងប្អូន​ជនជាតិ​ស្ទៀង ដែល​ជា​ជនជាតិភាគតិច ហើយ​ច្រើន​រស់នៅ​ក្នុង​ស្រុក​ស្នួល ខេត្ដក្រចេះ​តាំងពី​យូរយា​ណាស់​មក​ហើយ​។,វង់​តន្ដ្រី​របស់​បងប្អូន​ជនជាតិ​ស្ទៀង ដែល​ជា​ជនជាតិភាគតិច ហើយ​ច្រើន​រស់នៅ​ក្នុង​ស្រុក​ស្នួល ខេត្ដក្រចេះ​តាំងពី​យូរយា​ណាស់​មក​ហើយ​។,m-adt2-0002,Folklore Song,"Ethnic minority (Jarai, Cham, Kuy, Stieng) folk song traditions in Cambodia (ជនជាតិភាគតិច (ចារាយ, ចាម, គុយ, ស្ទៀង) ប្រពៃណីចម្រៀងប្រជាប្រិយនៅកម្ពុជា)",1,folklore_song_17_0001_0058,9.6,medium_5_to_10s,1:folklore_song_17_0001_0058
Digital-Divide-Data/khmer-speech-dataset,train,986,m-adt2-0002_khm_folklore_song_17_0001_0068.wav,សម្រាប់​ឧបករណ៍​ប្រគំ​នៅ​ក្នុង​វង់​ភ្លេង​វិញ​គឺ​មាន​គង​ញី​ធំ​ចំនួន​៥ ចង​ព្យួរ​បន្ដបន្ទាប់​គ្នា​លើ​ឫស្សី​មួយ​ដើម។,សម្រាប់​ឧបករណ៍​ប្រគំ​នៅ​ក្នុង​វង់​ភ្លេង​វិញ​គឺ​មាន​គង​ញី​ធំ​ចំនួន​៥ ចង​ព្យួរ​បន្ដបន្ទាប់​គ្នា​លើ​ឫស្សី​មួយ​ដើម។,m-adt2-0002,Folklore Song,"Ethnic minority (Jarai, Cham, Kuy, Stieng) folk song traditions in Cambodia (ជនជាតិភាគតិច (ចារាយ, ចាម, គុយ, ស្ទៀង) ប្រពៃណីចម្រៀងប្រជាប្រិយនៅកម្ពុជា)",1,folklore_song_17_0001_0068,8.97,medium_5_to_10s,1:folklore_song_17_0001_0068
Digital-Divide-Data/khmer-speech-dataset,train,474,m-adt2-0002_khm_life_as_a_fisherman_in_cambodia_19_0001_0024.wav,នៅក្នុងកិច្ចប្រជុំទាំងនេះមានសារៈសំខាន់ក្នុងការរក្សាទំនាក់ទំនងល្អ និងស្វែងយល់ពីជំហរគ្នាទៅវិញទៅមក។,នៅក្នុងកិច្ចប្រជុំទាំងនេះមានសារៈសំខាន់ក្នុងការរក្សាទំនាក់ទំនងល្អ និងស្វែងយល់ពីជំហរគ្នាទៅវិញទៅមក។,m-adt2-0002,Life as a Fisherman in Cambodia,Border-Water Diplomacy – Cambodian-Vietnamese fishing lines,1,life_as_a_fisherman_in_cambodia_19_0001_0024,7.82,medium_5_to_10s,1:life_as_a_fisherman_in_cambodia_19_0001_0024
Digital-Divide-Data/khmer-speech-dataset,train,901,m-adt2-0002_khm_natural_disasters_38_0001_0036.wav,ការធ្វើមូលដ្ឋានីយកម្មនៃយន្តការតំបន់ គឺជាយុទ្ធសាស្ត្រដែលកម្ពុជាបានយកមកអនុវត្ត ដើម្បីបន្ស៊ាំស្តង់ដារអាស៊ានទៅនឹងស្ថានភាពជាក់ស្តែងនៅក្នុងប្រទេស។,ការធ្វើមូលដ្ឋានីយកម្មនៃយន្តការតំបន់ គឺជាយុទ្ធសាស្ត្រដែលកម្ពុជាបានយកមកអនុវត្ត ដើម្បីបន្ស៊ាំស្តង់ដារអាស៊ានទៅនឹងស្ថានភាពជាក់ស្តែងនៅក្នុងប្រទេស។,m-adt2-0002,Natural Disasters,"អាស៊ាន និង​ការ​សង្គ្រោះ​គ្រោះមហន្តរាយ​ក្នុង​តំបន់៖ តួនាទី​របស់​កម្ពុជា
ASEAN and Regional Disaster Relief: Cambodia’s Role",1,natural_disasters_38_0001_0036,12.19,long_gt_10s,1:natural_disasters_38_0001_0036
Digital-Divide-Data/khmer-speech-dataset,train,658,m-adt2-0002_khm_natural_disasters_38_0001_0039.wav,ការងារមូលដ្ឋានីយកម្មនេះជួយឱ្យកម្ពុជាមានភាពងាយស្រួលក្នុងការទទួលយកជំនួយសង្គ្រោះពីបណ្តាប្រទេសជាមិត្ត និងអង្គការអន្តរជាតិនានាពេលមានអាសន្ន។,ការងារមូលដ្ឋានីយកម្មនេះជួយឱ្យកម្ពុជាមានភាពងាយស្រួលក្នុងការទទួលយកជំនួយសង្គ្រោះពីបណ្តាប្រទេសជាមិត្ត និងអង្គការអន្តរជាតិនានាពេលមានអាសន្ន។,m-adt2-0002,Natural Disasters,"អាស៊ាន និង​ការ​សង្គ្រោះ​គ្រោះមហន្តរាយ​ក្នុង​តំបន់៖ តួនាទី​របស់​កម្ពុជា
ASEAN and Regional Disaster Relief: Cambodia’s Role",1,natural_disasters_38_0001_0039,11.39,long_gt_10s,1:natural_disasters_38_0001_0039
Digital-Divide-Data/khmer-speech-dataset,train,279,m-adt2-0002_khm_natural_disasters_38_0001_0040.wav,កម្ពុជាមិនត្រឹមតែជាអ្នកទទួលជំនួយប៉ុណ្ណោះទេ ប៉ុន្តែ គឺថែមទាំងជាអ្នកផ្តល់ជំនួយត្រឡប់ទៅវិញដល់ប្រទេសសមាជិកដែលត្រូវការជំនួយក្នុងគ្រាលំបាកផងដែរ។,កម្ពុជាមិនត្រឹមតែជាអ្នកទទួលជំនួយប៉ុណ្ណោះទេ ប៉ុន្តែ គឺថែមទាំងជាអ្នកផ្តល់ជំនួយត្រឡប់ទៅវិញដល់ប្រទេសសមាជិកដែលត្រូវការជំនួយក្នុងគ្រាលំបាកផងដែរ។,m-adt2-0002,Natural Disasters,"អាស៊ាន និង​ការ​សង្គ្រោះ​គ្រោះមហន្តរាយ​ក្នុង​តំបន់៖ តួនាទី​របស់​កម្ពុជា
ASEAN and Regional Disaster Relief: Cambodia’s Role",1,natural_disasters_38_0001_0040,11.89,long_gt_10s,1:natural_disasters_38_0001_0040
Digital-Divide-Data/khmer-speech-dataset,train,181,m-adt2-0002_khm_natural_disasters_38_0001_0047.wav,កិច្ចសហការរវាងអាស៊ានបូកបី ដែលមានចិន ជប៉ុន និងកូរ៉េខាងត្បូង គឺជាកម្លាំងចលករដ៏មានឥទ្ធិពលដែលកម្ពុជាបានខិតខំជំរុញឱ្យកាន់តែប្រសើរ។,កិច្ចសហការរវាងអាស៊ានបូកបី ដែលមានចិន ជប៉ុន និងកូរ៉េខាងត្បូង គឺជាកម្លាំងចលករដ៏មានឥទ្ធិពលដែលកម្ពុជាបានខិតខំជំរុញឱ្យកាន់តែប្រសើរ។,m-adt2-0002,Natural Disasters,"អាស៊ាន និង​ការ​សង្គ្រោះ​គ្រោះមហន្តរាយ​ក្នុង​តំបន់៖ តួនាទី​របស់​កម្ពុជា
ASEAN and Regional Disaster Relief: Cambodia’s Role",1,natural_disasters_38_0001_0047,12.27,long_gt_10s,1:natural_disasters_38_0001_0047
Digital-Divide-Data/khmer-speech-dataset,train,22,m-adt2-0002_khm_natural_disasters_38_0001_0050.wav,ផលប្រយោជន៍ដែលទទួលបានពីកិច្ចសហប្រតិបត្តិការនេះ មិនត្រឹមតែសម្រាប់កម្ពុជាម្នាក់ឯងប៉ុណ្ណោះទេ ប៉ុន្តែ គឺដើម្បីសេចក្តីសុខសាន្តរបស់តំបន់ទាំងមូល។,ផលប្រយោជន៍ដែលទទួលបានពីកិច្ចសហប្រតិបត្តិការនេះ មិនត្រឹមតែសម្រាប់កម្ពុជាម្នាក់ឯងប៉ុណ្ណោះទេ ប៉ុន្តែ គឺដើម្បីសេចក្តីសុខសាន្តរបស់តំបន់ទាំងមូល។,m-adt2-0002,Natural Disasters,"អាស៊ាន និង​ការ​សង្គ្រោះ​គ្រោះមហន្តរាយ​ក្នុង​តំបន់៖ តួនាទី​របស់​កម្ពុជា
ASEAN and Regional Disaster Relief: Cambodia’s Role",1,natural_disasters_38_0001_0050,10.28,long_gt_10s,1:natural_disasters_38_0001_0050
Digital-Divide-Data/khmer-speech-dataset,train,485,m-adt2-0002_khm_natural_disasters_38_0001_0055.wav,កិច្ចខិតខំប្រឹងប្រែងរបស់កម្ពុជានៅក្នុងក្របខ័ណ្ឌអាស៊ានបូកបី បានជួយពង្រឹងសន្តិសុខមនុស្សជាតិ និងស្ថិរភាពនៅក្នុងតំបន់អាស៊ីអាគ្នេយ៍ទាំងមូលយ៉ាងរឹងមាំ។,កិច្ចខិតខំប្រឹងប្រែងរបស់កម្ពុជានៅក្នុងក្របខ័ណ្ឌអាស៊ានបូកបី បានជួយពង្រឹងសន្តិសុខមនុស្សជាតិ និងស្ថិរភាពនៅក្នុងតំបន់អាស៊ីអាគ្នេយ៍ទាំងមូលយ៉ាងរឹងមាំ។,m-adt2-0002,Natural Disasters,"អាស៊ាន និង​ការ​សង្គ្រោះ​គ្រោះមហន្តរាយ​ក្នុង​តំបន់៖ តួនាទី​របស់​កម្ពុជា
ASEAN and Regional Disaster Relief: Cambodia’s Role",1,natural_disasters_38_0001_0055,11.82,long_gt_10s,1:natural_disasters_38_0001_0055
Digital-Divide-Data/khmer-speech-dataset,train,379,m-adt2-0002_khm_natural_disasters_38_0001_0058.wav,ការយល់ដឹងជាសាធារណៈអំពីគ្រោះមហន្តរាយត្រូវបានផ្សព្វផ្សាយយ៉ាងទូលំទូលាយ គឺដើម្បីឱ្យប្រជាពលរដ្ឋគ្រប់រូបដឹងពីរបៀបការពារខ្លួនពីគ្រោះថ្នាក់ផ្សេងៗ។,ការយល់ដឹងជាសាធារណៈអំពីគ្រោះមហន្តរាយត្រូវបានផ្សព្វផ្សាយយ៉ាងទូលំទូលាយ គឺដើម្បីឱ្យប្រជាពលរដ្ឋគ្រប់រូបដឹងពីរបៀបការពារខ្លួនពីគ្រោះថ្នាក់ផ្សេងៗ។,m-adt2-0002,Natural Disasters,"អាស៊ាន និង​ការ​សង្គ្រោះ​គ្រោះមហន្តរាយ​ក្នុង​តំបន់៖ តួនាទី​របស់​កម្ពុជា
ASEAN and Regional Disaster Relief: Cambodia’s Role",1,natural_disasters_38_0001_0058,11.7,long_gt_10s,1:natural_disasters_38_0001_0058
Digital-Divide-Data/khmer-speech-dataset,train,215,m-adt2-0002_khm_natural_disasters_38_0001_0059.wav,កម្ពុជាបានយកចិត្តទុកដាក់លើការស្តារឡើងវិញក្រោយគ្រោះមហន្តរាយ គឺការជួយឱ្យសហគមន៍អាចត្រឡប់មកមានជីវភាពប្រក្រតីវិញក្នុងរយៈពេលដ៏ខ្លីបំផុត។,កម្ពុជាបានយកចិត្តទុកដាក់លើការស្តារឡើងវិញក្រោយគ្រោះមហន្តរាយ គឺការជួយឱ្យសហគមន៍អាចត្រឡប់មកមានជីវភាពប្រក្រតីវិញក្នុងរយៈពេលដ៏ខ្លីបំផុត។,m-adt2-0002,Natural Disasters,"អាស៊ាន និង​ការ​សង្គ្រោះ​គ្រោះមហន្តរាយ​ក្នុង​តំបន់៖ តួនាទី​របស់​កម្ពុជា
ASEAN and Regional Disaster Relief: Cambodia’s Role",1,natural_disasters_38_0001_0059,12.08,long_gt_10s,1:natural_disasters_38_0001_0059
Digital-Divide-Data/khmer-speech-dataset,train,572,m-adt2-0002_khm_natural_disasters_38_0001_0060.wav,ការកសាងហេដ្ឋារចនាសម្ព័ន្ធដែលធន់នឹងគ្រោះមហន្តរាយ គឺជាយុទ្ធសាស្ត្រយូរអង្វែងដែលកម្ពុជាកំពុងអនុវត្ត ដើម្បីកាត់បន្ថយរាល់ការខូចខាតដែលអាចកើតមាន។,ការកសាងហេដ្ឋារចនាសម្ព័ន្ធដែលធន់នឹងគ្រោះមហន្តរាយ គឺជាយុទ្ធសាស្ត្រយូរអង្វែងដែលកម្ពុជាកំពុងអនុវត្ត ដើម្បីកាត់បន្ថយរាល់ការខូចខាតដែលអាចកើតមាន។,m-adt2-0002,Natural Disasters,"អាស៊ាន និង​ការ​សង្គ្រោះ​គ្រោះមហន្តរាយ​ក្នុង​តំបន់៖ តួនាទី​របស់​កម្ពុជា
ASEAN and Regional Disaster Relief: Cambodia’s Role",1,natural_disasters_38_0001_0060,11.87,long_gt_10s,1:natural_disasters_38_0001_0060
Digital-Divide-Data/khmer-speech-dataset,train,87,m-adt2-0002_khm_natural_disasters_38_0001_0063.wav,សាមគ្គីភាពក្នុងគ្រាក្រគឺជាតម្លៃស្នូលដែលកម្ពុជាតែងតែប្រកាន់ខ្ជាប់ជានិច្ច មិនថាក្នុងកម្រិតជាតិ ឬ គឺសូម្បីតែក្នុងកម្រិតអន្តរជាតិក៏ដោយចុះ។,សាមគ្គីភាពក្នុងគ្រាក្រគឺជាតម្លៃស្នូលដែលកម្ពុជាតែងតែប្រកាន់ខ្ជាប់ជានិច្ច មិនថាក្នុងកម្រិតជាតិ ឬ គឺសូម្បីតែក្នុងកម្រិតអន្តរជាតិក៏ដោយចុះ។,m-adt2-0002,Natural Disasters,"អាស៊ាន និង​ការ​សង្គ្រោះ​គ្រោះមហន្តរាយ​ក្នុង​តំបន់៖ តួនាទី​របស់​កម្ពុជា
ASEAN and Regional Disaster Relief: Cambodia’s Role",1,natural_disasters_38_0001_0063,10.97,long_gt_10s,1:natural_disasters_38_0001_0063
Digital-Divide-Data/khmer-speech-dataset,train,196,m-adt2-0002_khm_natural_disasters_38_0001_0066.wav,កម្ពុជាបានចូលរួមយ៉ាងសកម្មក្នុងការប្រជុំពិភាក្សានានា ដើម្បីកែសម្រួលគោលនយោបាយអាស៊ានឱ្យកាន់តែមានភាពស៊ីសង្វាក់គ្នាទៅនឹងការវិវត្តនៃសកលលោក។,កម្ពុជាបានចូលរួមយ៉ាងសកម្មក្នុងការប្រជុំពិភាក្សានានា ដើម្បីកែសម្រួលគោលនយោបាយអាស៊ានឱ្យកាន់តែមានភាពស៊ីសង្វាក់គ្នាទៅនឹងការវិវត្តនៃសកលលោក។,m-adt2-0002,Natural Disasters,"អាស៊ាន និង​ការ​សង្គ្រោះ​គ្រោះមហន្តរាយ​ក្នុង​តំបន់៖ តួនាទី​របស់​កម្ពុជា
ASEAN and Regional Disaster Relief: Cambodia’s Role",1,natural_disasters_38_0001_0066,12.45,long_gt_10s,1:natural_disasters_38_0001_0066
Digital-Divide-Data/khmer-speech-dataset,train,26,m-adt2-0002_khm_natural_disasters_38_0001_0072.wav,កម្ពុជាបានជំរុញឱ្យមានការសិក្សាស្រាវជ្រាវបែបវិទ្យាសាស្ត្រកាន់តែច្រើន អំពីផលប៉ះពាល់នៃគ្រោះមហន្តរាយមកលើវិស័យកសិកម្ម និងសន្តិសុខស្បៀងជាតិ។,កម្ពុជាបានជំរុញឱ្យមានការសិក្សាស្រាវជ្រាវបែបវិទ្យាសាស្ត្រកាន់តែច្រើន អំពីផលប៉ះពាល់នៃគ្រោះមហន្តរាយមកលើវិស័យកសិកម្ម និងសន្តិសុខស្បៀងជាតិ។,m-adt2-0002,Natural Disasters,"អាស៊ាន និង​ការ​សង្គ្រោះ​គ្រោះមហន្តរាយ​ក្នុង​តំបន់៖ តួនាទី​របស់​កម្ពុជា
ASEAN and Regional Disaster Relief: Cambodia’s Role",1,natural_disasters_38_0001_0072,11.34,long_gt_10s,1:natural_disasters_38_0001_0072
Digital-Divide-Data/khmer-speech-dataset,train,237,m-adt2-0002_khm_natural_disasters_38_0001_0075.wav,ការយកចិត្តទុកដាក់លើក្រុមជនងាយរងគ្រោះដូចជា ស្ត្រី កុមារ និងជនមានពិការភាពក្នុងអំឡុងពេលសង្គ្រោះ គឺជាចំណុចដែលកម្ពុជាតែងតែសង្កត់ធ្ងន់។,ការយកចិត្តទុកដាក់លើក្រុមជនងាយរងគ្រោះដូចជា ស្ត្រី កុមារ និងជនមានពិការភាពក្នុងអំឡុងពេលសង្គ្រោះ គឺជាចំណុចដែលកម្ពុជាតែងតែសង្កត់ធ្ងន់។,m-adt2-0002,Natural Disasters,"អាស៊ាន និង​ការ​សង្គ្រោះ​គ្រោះមហន្តរាយ​ក្នុង​តំបន់៖ តួនាទី​របស់​កម្ពុជា
ASEAN and Regional Disaster Relief: Cambodia’s Role",1,natural_disasters_38_0001_0075,11.64,long_gt_10s,1:natural_disasters_38_0001_0075
Digital-Divide-Data/khmer-speech-dataset,train,128,m-adt2-0002_khm_university_48_0001_0075.wav,ការ​ដោះស្រាយ​បញ្ហា​នេះ​តម្រូវ​ឱ្យមាន​ការផ្លាស់ប្តូរ​ផ្នត់គំនិត​ទាំង​នៅ​កម្រិត​បុគ្គល និង​សង្គម​ដើម្បី​លុបបំបាត់​ការរើសអើង​និង​ការវិនិច្ឆ័យ​។,ការ​ដោះស្រាយ​បញ្ហា​នេះ​តម្រូវ​ឱ្យមាន​ការផ្លាស់ប្តូរ​ផ្នត់គំនិត​ទាំង​នៅ​កម្រិត​បុគ្គល និង​សង្គម​ដើម្បី​លុបបំបាត់​ការរើសអើង​និង​ការវិនិច្ឆ័យ​។,m-adt2-0002,University,Mental health awareness and stress management in universities,1,university_48_0001_0075,9.503,medium_5_to_10s,1:university_48_0001_0075
Digital-Divide-Data/khmer-speech-dataset,train,630,m-adt3-0001_khm_cambodia_10_years_ago_vs._now_15_0001_0014.wav,មនុស្សដែលប្រើយានយន្តអគ្គិសនីមានអារម្មណ៍ទុកចិត្តជាងមុន ព្រោះវាមិនចាំបាច់ពឹងផ្អែកលើប្រេងដែលមានតម្លៃឡើងចុះមិនថេរ។,មនុស្សដែលប្រើយានយន្តអគ្គិសនីមានអារម្មណ៍ទុកចិត្តជាងមុន ព្រោះវាមិនចាំបាច់ពឹងផ្អែកលើប្រេងដែលមានតម្លៃឡើងចុះមិនថេរ។,m-adt3-0001,Cambodia 10 Years Ago vs. Now,"ភាពអាចរកបាននៃយានយន្តអគ្គិសនី
Availability of electric vehicles",1,cambodia_10_years_ago_vs._now_15_0001_0014,7.81,medium_5_to_10s,1:cambodia_10_years_ago_vs._now_15_0001_0014
Digital-Divide-Data/khmer-speech-dataset,train,718,m-adt3-0001_khm_cambodia_10_years_ago_vs._now_15_0001_0022.wav,អ្នកធ្វើការនៅទីក្រុងចូលចិត្តយានយន្តអគ្គិសនី ព្រោះវាអាចជួយកាត់បន្ថយការចំណាយប្រចាំខែ និងសមស្របនឹងចរាចរណ៍កកស្ទះ។,អ្នកធ្វើការនៅទីក្រុងចូលចិត្តយានយន្តអគ្គិសនី ព្រោះវាអាចជួយកាត់បន្ថយការចំណាយប្រចាំខែ និងសមស្របនឹងចរាចរណ៍កកស្ទះ។,m-adt3-0001,Cambodia 10 Years Ago vs. Now,"ភាពអាចរកបាននៃយានយន្តអគ្គិសនី
Availability of electric vehicles",1,cambodia_10_years_ago_vs._now_15_0001_0022,8.27,medium_5_to_10s,1:cambodia_10_years_ago_vs._now_15_0001_0022
Digital-Divide-Data/khmer-speech-dataset,train,726,m-adt3-0001_khm_cambodia_10_years_ago_vs._now_15_0001_0028.wav,យានយន្តអគ្គិសនីអាចជួយបង្កើតទម្លាប់ថ្មីក្នុងសង្គម ដែលមនុស្សគិតច្រើនអំពីបរិស្ថាន និងសុខភាពរបស់ខ្លួន។,យានយន្តអគ្គិសនីអាចជួយបង្កើតទម្លាប់ថ្មីក្នុងសង្គម ដែលមនុស្សគិតច្រើនអំពីបរិស្ថាន និងសុខភាពរបស់ខ្លួន។,m-adt3-0001,Cambodia 10 Years Ago vs. Now,"ភាពអាចរកបាននៃយានយន្តអគ្គិសនី
Availability of electric vehicles",1,cambodia_10_years_ago_vs._now_15_0001_0028,7.53,medium_5_to_10s,1:cambodia_10_years_ago_vs._now_15_0001_0028
Digital-Divide-Data/khmer-speech-dataset,train,860,m-adt3-0001_khm_cambodia_10_years_ago_vs._now_15_0001_0038.wav,ម៉ូតូអគ្គិសនីអាចសាកថ្មនៅផ្ទះ ឬស្ថានីយ៍សាកសាធារណៈបាន ធ្វើឲ្យអ្នកប្រើប្រាស់មានភាពងាយស្រួលក្នុងការថែទាំ និងកាត់បន្ថយការចំណាយលើប្រេងឥន្ធនៈប្រចាំខែ។,ម៉ូតូអគ្គិសនីអាចសាកថ្មនៅផ្ទះ ឬស្ថានីយ៍សាកសាធារណៈបាន ធ្វើឲ្យអ្នកប្រើប្រាស់មានភាពងាយស្រួលក្នុងការថែទាំ និងកាត់បន្ថយការចំណាយលើប្រេងឥន្ធនៈប្រចាំខែ។,m-adt3-0001,Cambodia 10 Years Ago vs. Now,"ភាពអាចរកបាននៃយានយន្តអគ្គិសនី
Availability of electric vehicles",1,cambodia_10_years_ago_vs._now_15_0001_0038,11.58,long_gt_10s,1:cambodia_10_years_ago_vs._now_15_0001_0038
Digital-Divide-Data/khmer-speech-dataset,train,871,m-adt3-0001_khm_cambodia_10_years_ago_vs._now_19_0001_0001.wav,ការយល់ដឹងយ៉ាងទូលំទូលាយអំពីអត្ថប្រយោជន៍សុខភាព បានប្រែក្លាយសកម្មភាពជិះកង់ពីការកម្សាន្តចុងសប្តាហ៍ ឱ្យក្លាយទៅជាផ្នែកមួយនៃជីវិតប្រចាំថ្ងៃរបស់ប្រជាពលរដ្ឋជាច្រើននៅភ្នំពេញ។,ការយល់ដឹងយ៉ាងទូលំទូលាយអំពីអត្ថប្រយោជន៍សុខភាព បានប្រែក្លាយសកម្មភាពជិះកង់ពីការកម្សាន្តចុងសប្តាហ៍ ឱ្យក្លាយទៅជាផ្នែកមួយនៃជីវិតប្រចាំថ្ងៃរបស់ប្រជាពលរដ្ឋជាច្រើននៅភ្នំពេញ។,m-adt3-0001,Cambodia 10 Years Ago vs. Now,"ការរីកចម្រើននៃវប្បធម៌ជិះកង់
Growth of bicycle culture",1,cambodia_10_years_ago_vs._now_19_0001_0001,12.38,long_gt_10s,1:cambodia_10_years_ago_vs._now_19_0001_0001
Digital-Divide-Data/khmer-speech-dataset,train,294,m-adt3-0001_khm_cambodia_10_years_ago_vs._now_19_0001_0003.wav,ប្រជាពលរដ្ឋគ្រប់វ័យចាប់ផ្តើមយល់ឃើញថា ការជិះកង់គឺជាលំហាត់ប្រាណដ៏មានប្រសិទ្ធភាពក្នុងការកាត់បន្ថយហានិភ័យនៃជំងឺមិនឆ្លង ដូចជាជំងឺបេះដូង សម្ពាធឈាម និងជំងឺទឹកនោមផ្អែម។,ប្រជាពលរដ្ឋគ្រប់វ័យចាប់ផ្តើមយល់ឃើញថា ការជិះកង់គឺជាលំហាត់ប្រាណដ៏មានប្រសិទ្ធភាពក្នុងការកាត់បន្ថយហានិភ័យនៃជំងឺមិនឆ្លង ដូចជាជំងឺបេះដូង សម្ពាធឈាម និងជំងឺទឹកនោមផ្អែម។,m-adt3-0001,Cambodia 10 Years Ago vs. Now,"ការរីកចម្រើននៃវប្បធម៌ជិះកង់
Growth of bicycle culture",1,cambodia_10_years_ago_vs._now_19_0001_0003,12.89,long_gt_10s,1:cambodia_10_years_ago_vs._now_19_0001_0003
Digital-Divide-Data/khmer-speech-dataset,train,142,m-adt3-0001_khm_cambodia_10_years_ago_vs._now_19_0001_0004.wav,ការបង្កើតក្រុមជិះកង់តាមបណ្តាញសង្គមបានជំរុញឱ្យវប្បធម៌នៃការជិះកង់កាន់តែរីកចម្រើនយ៉ាងឆាប់រហ័ស តាមរយៈការផ្លាស់ប្តូរបទពិសោធន៍ និងការលើកទឹកចិត្តគ្នាទៅវិញទៅមក។,ការបង្កើតក្រុមជិះកង់តាមបណ្តាញសង្គមបានជំរុញឱ្យវប្បធម៌នៃការជិះកង់កាន់តែរីកចម្រើនយ៉ាងឆាប់រហ័ស តាមរយៈការផ្លាស់ប្តូរបទពិសោធន៍ និងការលើកទឹកចិត្តគ្នាទៅវិញទៅមក។,m-adt3-0001,Cambodia 10 Years Ago vs. Now,"ការរីកចម្រើននៃវប្បធម៌ជិះកង់
Growth of bicycle culture",1,cambodia_10_years_ago_vs._now_19_0001_0004,10.69,long_gt_10s,1:cambodia_10_years_ago_vs._now_19_0001_0004
Digital-Divide-Data/khmer-speech-dataset,train,256,m-adt3-0001_khm_cambodia_10_years_ago_vs._now_19_0001_0005.wav,នៅពេលព្រឹកព្រលឹមតាមដងផ្លូវមួយចំនួនក្នុងរាជធានីភ្នំពេញ យើងសង្កេតឃើញមានចរាចរណ៍មមាញឹកនៃអ្នកជិះកង់ហាត់ប្រាណ ដែលនេះជាទិដ្ឋភាពថ្មីមួយខុសប្លែកកាលពីពេលមុន។,នៅពេលព្រឹកព្រលឹមតាមដងផ្លូវមួយចំនួនក្នុងរាជធានីភ្នំពេញ យើងសង្កេតឃើញមានចរាចរណ៍មមាញឹកនៃអ្នកជិះកង់ហាត់ប្រាណ ដែលនេះជាទិដ្ឋភាពថ្មីមួយខុសប្លែកកាលពីពេលមុន។,m-adt3-0001,Cambodia 10 Years Ago vs. Now,"ការរីកចម្រើននៃវប្បធម៌ជិះកង់
Growth of bicycle culture",1,cambodia_10_years_ago_vs._now_19_0001_0005,11.12,long_gt_10s,1:cambodia_10_years_ago_vs._now_19_0001_0005
Digital-Divide-Data/khmer-speech-dataset,train,705,m-adt3-0001_khm_cambodia_10_years_ago_vs._now_19_0001_0008.wav,ហាងលក់កង់ និងសម្ភារៈជិះកង់បានរីកដុះដាលយ៉ាងច្រើននៅភ្នំពេញ ដែលឆ្លុះបញ្ចាំងឱ្យឃើញពីតម្រូវការដ៏ខ្ពស់ និងការពេញនិយមនៃកីឡាមួយនេះក្នុងចំណោមប្រជាជនកម្ពុជា។,ហាងលក់កង់ និងសម្ភារៈជិះកង់បានរីកដុះដាលយ៉ាងច្រើននៅភ្នំពេញ ដែលឆ្លុះបញ្ចាំងឱ្យឃើញពីតម្រូវការដ៏ខ្ពស់ និងការពេញនិយមនៃកីឡាមួយនេះក្នុងចំណោមប្រជាជនកម្ពុជា។,m-adt3-0001,Cambodia 10 Years Ago vs. Now,"ការរីកចម្រើននៃវប្បធម៌ជិះកង់
Growth of bicycle culture",1,cambodia_10_years_ago_vs._now_19_0001_0008,11.17,long_gt_10s,1:cambodia_10_years_ago_vs._now_19_0001_0008
Digital-Divide-Data/khmer-speech-dataset,train,672,m-adt3-0001_khm_cambodia_10_years_ago_vs._now_19_0001_0010.wav,តំបន់កោះពេជ្រ និងផ្លូវតាមមាត់ទន្លេបានក្លាយជាទីតាំងដ៏ពេញនិយមសម្រាប់ការជិះកង់កម្សាន្ត ដែលទាក់ទាញមនុស្សរាប់រយនាក់ឱ្យមកជួបជុំគ្នានៅពេលល្ងាចដើម្បីស្រូបយកខ្យល់អាកាសបរិសុទ្ធ។,តំបន់កោះពេជ្រ និងផ្លូវតាមមាត់ទន្លេបានក្លាយជាទីតាំងដ៏ពេញនិយមសម្រាប់ការជិះកង់កម្សាន្ត ដែលទាក់ទាញមនុស្សរាប់រយនាក់ឱ្យមកជួបជុំគ្នានៅពេលល្ងាចដើម្បីស្រូបយកខ្យល់អាកាសបរិសុទ្ធ។,m-adt3-0001,Cambodia 10 Years Ago vs. Now,"ការរីកចម្រើននៃវប្បធម៌ជិះកង់
Growth of bicycle culture",1,cambodia_10_years_ago_vs._now_19_0001_0010,11.25,long_gt_10s,1:cambodia_10_years_ago_vs._now_19_0001_0010
Digital-Divide-Data/khmer-speech-dataset,train,123,m-adt3-0001_khm_cambodia_10_years_ago_vs._now_19_0001_0011.wav,ការផ្លាស់ប្តូររបៀបរស់នៅដោយងាកមកជិះកង់ បានធ្វើឱ្យប្រជាពលរដ្ឋជាច្រើនកាត់បន្ថយពេលវេលាដែលចំណាយលើអេក្រង់ទូរសព្ទ ហើយងាកមកបង្កើតភាពស្និទ្ធស្នាលជាមួយធម្មជាតិវិញ។,ការផ្លាស់ប្តូររបៀបរស់នៅដោយងាកមកជិះកង់ បានធ្វើឱ្យប្រជាពលរដ្ឋជាច្រើនកាត់បន្ថយពេលវេលាដែលចំណាយលើអេក្រង់ទូរសព្ទ ហើយងាកមកបង្កើតភាពស្និទ្ធស្នាលជាមួយធម្មជាតិវិញ។,m-adt3-0001,Cambodia 10 Years Ago vs. Now,"ការរីកចម្រើននៃវប្បធម៌ជិះកង់
Growth of bicycle culture",1,cambodia_10_years_ago_vs._now_19_0001_0011,10.47,long_gt_10s,1:cambodia_10_years_ago_vs._now_19_0001_0011
Digital-Divide-Data/khmer-speech-dataset,train,830,m-adt3-0001_khm_cambodia_10_years_ago_vs._now_19_0001_0012.wav,ការជិះកង់បានក្លាយជាសកម្មភាពគ្រួសារដ៏រីករាយមួយនៅចុងសប្តាហ៍ ដែលជួយពង្រឹងទំនាក់ទំនងរវាងឪពុកម្តាយ និងកូនៗ តាមរយៈការធ្វើលំហាត់ប្រាណរួមគ្នាយ៉ាងសប្បាយរីករាយ។,ការជិះកង់បានក្លាយជាសកម្មភាពគ្រួសារដ៏រីករាយមួយនៅចុងសប្តាហ៍ ដែលជួយពង្រឹងទំនាក់ទំនងរវាងឪពុកម្តាយ និងកូនៗ តាមរយៈការធ្វើលំហាត់ប្រាណរួមគ្នាយ៉ាងសប្បាយរីករាយ។,m-adt3-0001,Cambodia 10 Years Ago vs. Now,"ការរីកចម្រើននៃវប្បធម៌ជិះកង់
Growth of bicycle culture",1,cambodia_10_years_ago_vs._now_19_0001_0012,11.34,long_gt_10s,1:cambodia_10_years_ago_vs._now_19_0001_0012
Digital-Divide-Data/khmer-speech-dataset,train,628,m-adt3-0001_khm_cambodia_10_years_ago_vs._now_19_0001_0016.wav,ការស្វែងយល់អំពីបញ្ហាបរិស្ថានជាសកល បានជំរុញឱ្យប្រជាពលរដ្ឋក្នុងរាជធានីភ្នំពេញចាប់ផ្តើមផ្លាស់ប្តូរឥរិយាបថ ដោយងាកមកចាប់អារម្មណ៍លើការប្រើប្រាស់កង់ជាមធ្យោបាយធ្វើដំណើរដែលមិនប៉ះពាល់ដល់ផែនដី។,ការស្វែងយល់អំពីបញ្ហាបរិស្ថានជាសកល បានជំរុញឱ្យប្រជាពលរដ្ឋក្នុងរាជធានីភ្នំពេញចាប់ផ្តើមផ្លាស់ប្តូរឥរិយាបថ ដោយងាកមកចាប់អារម្មណ៍លើការប្រើប្រាស់កង់ជាមធ្យោបាយធ្វើដំណើរដែលមិនប៉ះពាល់ដល់ផែនដី។,m-adt3-0001,Cambodia 10 Years Ago vs. Now,"ការរីកចម្រើននៃវប្បធម៌ជិះកង់
Growth of bicycle culture",1,cambodia_10_years_ago_vs._now_19_0001_0016,13.21,long_gt_10s,1:cambodia_10_years_ago_vs._now_19_0001_0016
Digital-Divide-Data/khmer-speech-dataset,train,486,m-adt3-0001_khm_cambodia_10_years_ago_vs._now_19_0001_0017.wav,កង់ត្រូវបានគេមើលឃើញថាជាយានជំនិះបៃតងដ៏ល្អបំផុត ព្រោះវាមិនបញ្ចេញឧស្ម័នកាបូនឌីអុកស៊ីត ឬសារធាតុពុលណាមួយទៅក្នុងបរិយាកាសដូចយានយន្តដែលប្រើប្រាស់ប្រេងឥន្ធនៈឡើយ។,កង់ត្រូវបានគេមើលឃើញថាជាយានជំនិះបៃតងដ៏ល្អបំផុត ព្រោះវាមិនបញ្ចេញឧស្ម័នកាបូនឌីអុកស៊ីត ឬសារធាតុពុលណាមួយទៅក្នុងបរិយាកាសដូចយានយន្តដែលប្រើប្រាស់ប្រេងឥន្ធនៈឡើយ។,m-adt3-0001,Cambodia 10 Years Ago vs. Now,"ការរីកចម្រើននៃវប្បធម៌ជិះកង់
Growth of bicycle culture",1,cambodia_10_years_ago_vs._now_19_0001_0017,11.56,long_gt_10s,1:cambodia_10_years_ago_vs._now_19_0001_0017
Digital-Divide-Data/khmer-speech-dataset,train,266,m-adt3-0001_khm_cambodia_10_years_ago_vs._now_19_0001_0022.wav,សកម្មភាពនៃការជិះកង់នេះបានក្លាយជាគំរូដ៏ល្អមួយសម្រាប់យុវជនជំនាន់ក្រោយ ឱ្យចេះស្រឡាញ់ និងការពារបរិស្ថានតាមរយៈសកម្មភាពជាក់ស្តែងប្រចាំថ្ងៃដោយមិនចាំបាច់ចំណាយថវិកា។,សកម្មភាពនៃការជិះកង់នេះបានក្លាយជាគំរូដ៏ល្អមួយសម្រាប់យុវជនជំនាន់ក្រោយ ឱ្យចេះស្រឡាញ់ និងការពារបរិស្ថានតាមរយៈសកម្មភាពជាក់ស្តែងប្រចាំថ្ងៃដោយមិនចាំបាច់ចំណាយថវិកា។,m-adt3-0001,Cambodia 10 Years Ago vs. Now,"ការរីកចម្រើននៃវប្បធម៌ជិះកង់
Growth of bicycle culture",1,cambodia_10_years_ago_vs._now_19_0001_0022,12.07,long_gt_10s,1:cambodia_10_years_ago_vs._now_19_0001_0022
Digital-Divide-Data/khmer-speech-dataset,train,330,m-adt3-0001_khm_cambodia_10_years_ago_vs._now_19_0001_0023.wav,ការកាត់បន្ថយចំនួនយានយន្តដែលមានម៉ាស៊ីនក្ដៅ ហើយជំនួសមកវិញដោយការជិះកង់ នឹងជួយកាត់បន្ថយសីតុណ្ហភាពនៅក្នុងទីក្រុងដែលតែងតែឡើងកម្ដៅខ្លាំងដោយសារឥទ្ធិពលនៃកម្ដៅយានយន្ត។,ការកាត់បន្ថយចំនួនយានយន្តដែលមានម៉ាស៊ីនក្ដៅ ហើយជំនួសមកវិញដោយការជិះកង់ នឹងជួយកាត់បន្ថយសីតុណ្ហភាពនៅក្នុងទីក្រុងដែលតែងតែឡើងកម្ដៅខ្លាំងដោយសារឥទ្ធិពលនៃកម្ដៅយានយន្ត។,m-adt3-0001,Cambodia 10 Years Ago vs. Now,"ការរីកចម្រើននៃវប្បធម៌ជិះកង់
Growth of bicycle culture",1,cambodia_10_years_ago_vs._now_19_0001_0023,11.89,long_gt_10s,1:cambodia_10_years_ago_vs._now_19_0001_0023
Digital-Divide-Data/khmer-speech-dataset,train,760,m-adt3-0001_khm_cambodia_10_years_ago_vs._now_19_0001_0026.wav,ការជិះកង់កម្សាន្តតាមតំបន់ធម្មជាតិជុំវិញក្រុង មិនត្រឹមតែមិនបំផ្លាញបរិស្ថានប៉ុណ្ណោះទេ ថែមទាំងជួយឱ្យអ្នកជិះបានផ្សារភ្ជាប់ទំនាក់ទំនងកាន់តែជិតស្និទ្ធជាមួយធម្មជាតិ និងស្រឡាញ់ដើមឈើ។,ការជិះកង់កម្សាន្តតាមតំបន់ធម្មជាតិជុំវិញក្រុង មិនត្រឹមតែមិនបំផ្លាញបរិស្ថានប៉ុណ្ណោះទេ ថែមទាំងជួយឱ្យអ្នកជិះបានផ្សារភ្ជាប់ទំនាក់ទំនងកាន់តែជិតស្និទ្ធជាមួយធម្មជាតិ និងស្រឡាញ់ដើមឈើ។,m-adt3-0001,Cambodia 10 Years Ago vs. Now,"ការរីកចម្រើននៃវប្បធម៌ជិះកង់
Growth of bicycle culture",1,cambodia_10_years_ago_vs._now_19_0001_0026,12.37,long_gt_10s,1:cambodia_10_years_ago_vs._now_19_0001_0026
Digital-Divide-Data/khmer-speech-dataset,train,766,m-adt3-0001_khm_cambodia_10_years_ago_vs._now_19_0001_0027.wav,នៅពេលដែលមនុស្សងាកមកជិះកង់កាន់តែច្រើន ការកកស្ទះចរាចរណ៍នឹងថយចុះ ដែលនាំឱ្យការបញ្ចេញផ្សែងពុលពីយានយន្តរាប់ពាន់គ្រឿងដែលជាប់គាំងនៅលើផ្លូវក៏ថយចុះទៅតាមនោះដែរ។,នៅពេលដែលមនុស្សងាកមកជិះកង់កាន់តែច្រើន ការកកស្ទះចរាចរណ៍នឹងថយចុះ ដែលនាំឱ្យការបញ្ចេញផ្សែងពុលពីយានយន្តរាប់ពាន់គ្រឿងដែលជាប់គាំងនៅលើផ្លូវក៏ថយចុះទៅតាមនោះដែរ។,m-adt3-0001,Cambodia 10 Years Ago vs. Now,"ការរីកចម្រើននៃវប្បធម៌ជិះកង់
Growth of bicycle culture",1,cambodia_10_years_ago_vs._now_19_0001_0027,11.78,long_gt_10s,1:cambodia_10_years_ago_vs._now_19_0001_0027
Digital-Divide-Data/khmer-speech-dataset,train,304,m-adt3-0001_khm_cambodia_10_years_ago_vs._now_19_0001_0029.wav,អ្នកជិះកង់ភាគច្រើនមានមោទនភាពដែលបានក្លាយជាផ្នែកមួយក្នុងការដោះស្រាយបញ្ហាបរិស្ថាន ដោយមិនចាំបាច់រង់ចាំតែវិធានការពីរដ្ឋាភិបាលតែមួយមុខ ប៉ុន្តែចាប់ផ្តើមពីខ្លួនឯងផ្ទាល់។,អ្នកជិះកង់ភាគច្រើនមានមោទនភាពដែលបានក្លាយជាផ្នែកមួយក្នុងការដោះស្រាយបញ្ហាបរិស្ថាន ដោយមិនចាំបាច់រង់ចាំតែវិធានការពីរដ្ឋាភិបាលតែមួយមុខ ប៉ុន្តែចាប់ផ្តើមពីខ្លួនឯងផ្ទាល់។,m-adt3-0001,Cambodia 10 Years Ago vs. Now,"ការរីកចម្រើននៃវប្បធម៌ជិះកង់
Growth of bicycle culture",1,cambodia_10_years_ago_vs._now_19_0001_0029,12.16,long_gt_10s,1:cambodia_10_years_ago_vs._now_19_0001_0029
Digital-Divide-Data/khmer-speech-dataset,train,533,m-adt3-0001_khm_cambodia_10_years_ago_vs._now_19_0001_0030.wav,ការរីកចម្រើននៃវប្បធម៌ជិះកង់ដោយផ្អែកលើស្មារតីស្រឡាញ់បរិស្ថាន គឺជាសញ្ញាវិជ្ជមានមួយដែលបង្ហាញថាពលរដ្ឋកម្ពុជាកំពុងឆ្ពោះទៅរកការរស់នៅប្រកបដោយចីរភាព និងការរស់ជាមួយបរិស្ថាន។,ការរីកចម្រើននៃវប្បធម៌ជិះកង់ដោយផ្អែកលើស្មារតីស្រឡាញ់បរិស្ថាន គឺជាសញ្ញាវិជ្ជមានមួយដែលបង្ហាញថាពលរដ្ឋកម្ពុជាកំពុងឆ្ពោះទៅរកការរស់នៅប្រកបដោយចីរភាព និងការរស់ជាមួយបរិស្ថាន។,m-adt3-0001,Cambodia 10 Years Ago vs. Now,"ការរីកចម្រើននៃវប្បធម៌ជិះកង់
Growth of bicycle culture",1,cambodia_10_years_ago_vs._now_19_0001_0030,12.15,long_gt_10s,1:cambodia_10_years_ago_vs._now_19_0001_0030
Digital-Divide-Data/khmer-speech-dataset,train,367,m-adt3-0001_khm_cambodia_10_years_ago_vs._now_19_0001_0031.wav,អាជ្ញាធររាជធានីភ្នំពេញបានចាប់ផ្តើមយកចិត្តទុកដាក់យ៉ាងខ្លាំងលើការរៀបចំហេដ្ឋារចនាសម្ព័ន្ធផ្លូវថ្នល់ ដើម្បីបម្រើដល់តម្រូវការរបស់អ្នកជិះកង់ដែលកំពុងមានសន្ទុះកើនឡើងជារៀងរាល់ថ្ងៃ។,អាជ្ញាធររាជធានីភ្នំពេញបានចាប់ផ្តើមយកចិត្តទុកដាក់យ៉ាងខ្លាំងលើការរៀបចំហេដ្ឋារចនាសម្ព័ន្ធផ្លូវថ្នល់ ដើម្បីបម្រើដល់តម្រូវការរបស់អ្នកជិះកង់ដែលកំពុងមានសន្ទុះកើនឡើងជារៀងរាល់ថ្ងៃ។,m-adt3-0001,Cambodia 10 Years Ago vs. Now,"ការរីកចម្រើននៃវប្បធម៌ជិះកង់
Growth of bicycle culture",1,cambodia_10_years_ago_vs._now_19_0001_0031,12.06,long_gt_10s,1:cambodia_10_years_ago_vs._now_19_0001_0031
Digital-Divide-Data/khmer-speech-dataset,train,652,m-adt3-0001_khm_cambodia_10_years_ago_vs._now_19_0001_0034.wav,ការរៀបចំចំណតកង់ដែលមានសុវត្ថិភាពនៅតាមសួនច្បារសាធារណៈ និងតំបន់ទេសចរណ៍ បានជួយដោះស្រាយក្តីបារម្ភរបស់អ្នកជិះកង់អំពីសុវត្ថិភាពក្នុងការរក្សាទុកទ្រព្យសម្បត្តិរបស់ពួកគេ។,ការរៀបចំចំណតកង់ដែលមានសុវត្ថិភាពនៅតាមសួនច្បារសាធារណៈ និងតំបន់ទេសចរណ៍ បានជួយដោះស្រាយក្តីបារម្ភរបស់អ្នកជិះកង់អំពីសុវត្ថិភាពក្នុងការរក្សាទុកទ្រព្យសម្បត្តិរបស់ពួកគេ។,m-adt3-0001,Cambodia 10 Years Ago vs. Now,"ការរីកចម្រើននៃវប្បធម៌ជិះកង់
Growth of bicycle culture",1,cambodia_10_years_ago_vs._now_19_0001_0034,11.63,long_gt_10s,1:cambodia_10_years_ago_vs._now_19_0001_0034
Digital-Divide-Data/khmer-speech-dataset,train,694,m-adt3-0001_khm_cambodia_10_years_ago_vs._now_19_0001_0036.wav,ការដំឡើងស្លាកសញ្ញាចរាចរណ៍ដែលបញ្ជាក់អំពីផ្លូវកង់ បានជួយក្រើនរំលឹកដល់អ្នកបើកបរម៉ូតូនិងរថយន្តឱ្យមានការប្រុងប្រយ័ត្ន និងគោរពសិទ្ធិរបស់អ្នកជិះកង់នៅលើដងផ្លូវ។,ការដំឡើងស្លាកសញ្ញាចរាចរណ៍ដែលបញ្ជាក់អំពីផ្លូវកង់ បានជួយក្រើនរំលឹកដល់អ្នកបើកបរម៉ូតូនិងរថយន្តឱ្យមានការប្រុងប្រយ័ត្ន និងគោរពសិទ្ធិរបស់អ្នកជិះកង់នៅលើដងផ្លូវ។,m-adt3-0001,Cambodia 10 Years Ago vs. Now,"ការរីកចម្រើននៃវប្បធម៌ជិះកង់
Growth of bicycle culture",1,cambodia_10_years_ago_vs._now_19_0001_0036,10.89,long_gt_10s,1:cambodia_10_years_ago_vs._now_19_0001_0036
Digital-Divide-Data/khmer-speech-dataset,train,633,m-adt3-0001_khm_cambodia_10_years_ago_vs._now_19_0001_0038.wav,ការដាំដើមឈើអមសងខាងផ្លូវមិនត្រឹមតែផ្តល់ម្លប់ត្រជាក់ប៉ុណ្ណោះទេ តែថែមទាំងបង្កើតបរិយាកាសរីករាយដែលធ្វើឱ្យការជិះកង់នៅពេលថ្ងៃមានភាពស្រស់ស្រាយ និងមិនសូវហត់នឿយ។,ការដាំដើមឈើអមសងខាងផ្លូវមិនត្រឹមតែផ្តល់ម្លប់ត្រជាក់ប៉ុណ្ណោះទេ តែថែមទាំងបង្កើតបរិយាកាសរីករាយដែលធ្វើឱ្យការជិះកង់នៅពេលថ្ងៃមានភាពស្រស់ស្រាយ និងមិនសូវហត់នឿយ។,m-adt3-0001,Cambodia 10 Years Ago vs. Now,"ការរីកចម្រើននៃវប្បធម៌ជិះកង់
Growth of bicycle culture",1,cambodia_10_years_ago_vs._now_19_0001_0038,11.62,long_gt_10s,1:cambodia_10_years_ago_vs._now_19_0001_0038
Digital-Divide-Data/khmer-speech-dataset,train,637,m-adt3-0001_khm_cambodia_10_years_ago_vs._now_19_0001_0042.wav,ការថែទាំនិងសម្អាតគន្លងផ្លូវកង់ឱ្យបានជាប្រចាំ គឺជារឿងចាំបាច់ដើម្បីចៀសវាងគ្រោះថ្នាក់ដែលបណ្តាលមកពីដីខ្សាច់ ឬកម្ទេចថ្មដែលរាយប៉ាយនៅលើផ្លូវធ្វើឱ្យកង់រអិល។,ការថែទាំនិងសម្អាតគន្លងផ្លូវកង់ឱ្យបានជាប្រចាំ គឺជារឿងចាំបាច់ដើម្បីចៀសវាងគ្រោះថ្នាក់ដែលបណ្តាលមកពីដីខ្សាច់ ឬកម្ទេចថ្មដែលរាយប៉ាយនៅលើផ្លូវធ្វើឱ្យកង់រអិល។,m-adt3-0001,Cambodia 10 Years Ago vs. Now,"ការរីកចម្រើននៃវប្បធម៌ជិះកង់
Growth of bicycle culture",1,cambodia_10_years_ago_vs._now_19_0001_0042,11.08,long_gt_10s,1:cambodia_10_years_ago_vs._now_19_0001_0042
Digital-Divide-Data/khmer-speech-dataset,train,563,m-adt3-0001_khm_cambodia_10_years_ago_vs._now_19_0001_0047.wav,ព្រឹត្តិការណ៍ជិះកង់ដើម្បីសប្បុរសធម៌នានាដែលតែងតែរៀបចំឡើងជាញឹកញាប់ បានប្រែក្លាយកីឡាមួយនេះឱ្យទៅជាសកម្មភាពមនុស្សធម៌ដ៏មានអត្ថន័យ ដែលផ្សារភ្ជាប់បេះដូងពលរដ្ឋខ្មែរឱ្យចេះជួយគ្នាទៅវិញទៅមក។,ព្រឹត្តិការណ៍ជិះកង់ដើម្បីសប្បុរសធម៌នានាដែលតែងតែរៀបចំឡើងជាញឹកញាប់ បានប្រែក្លាយកីឡាមួយនេះឱ្យទៅជាសកម្មភាពមនុស្សធម៌ដ៏មានអត្ថន័យ ដែលផ្សារភ្ជាប់បេះដូងពលរដ្ឋខ្មែរឱ្យចេះជួយគ្នាទៅវិញទៅមក។,m-adt3-0001,Cambodia 10 Years Ago vs. Now,"ការរីកចម្រើននៃវប្បធម៌ជិះកង់
Growth of bicycle culture",1,cambodia_10_years_ago_vs._now_19_0001_0047,13.02,long_gt_10s,1:cambodia_10_years_ago_vs._now_19_0001_0047
Digital-Divide-Data/khmer-speech-dataset,train,10,m-adt4-0002_khm_cambodia_10_years_ago_vs._now_40_0001_0092.wav,ប្រសិនបើមិនមានសកម្មភាពផ្លាស់ប្តូរឱ្យបានទាន់ពេលវេលាទេ ទន្លេដែលជាសរសៃឈាមជាតិ នឹងក្លាយជាលូទឹកស្អុយដ៏ធំមួយ។,ប្រសិនបើមិនមានសកម្មភាពផ្លាស់ប្តូរឱ្យបានទាន់ពេលវេលាទេ ទន្លេដែលជាសរសៃឈាមជាតិ នឹងក្លាយជាលូទឹកស្អុយដ៏ធំមួយ។,m-adt4-0002,Cambodia 10 Years Ago vs. Now,"ការបំពុលទន្លេ និងបឹងពីមុន ធៀបនឹងបច្ចុប្បន្ន
River and lake pollution then vs. now",1,cambodia_10_years_ago_vs._now_40_0001_0092,10.73,long_gt_10s,1:cambodia_10_years_ago_vs._now_40_0001_0092
Digital-Divide-Data/khmer-speech-dataset,train,560,m-adt4-0002_khm_cambodia_10_years_ago_vs._now_40_0001_0093.wav,ច្បាប់ និងបទបញ្ញត្តិស្ដីពីការការពារបរិស្ថានត្រូវតែត្រូវបានអនុវត្តឱ្យបានតឹងរ៉ឹងបំផុត និងប្រកបដោយសមធម៌ចំពោះគ្រប់មជ្ឈដ្ឋាន។,ច្បាប់ និងបទបញ្ញត្តិស្ដីពីការការពារបរិស្ថានត្រូវតែត្រូវបានអនុវត្តឱ្យបានតឹងរ៉ឹងបំផុត និងប្រកបដោយសមធម៌ចំពោះគ្រប់មជ្ឈដ្ឋាន។,m-adt4-0002,Cambodia 10 Years Ago vs. Now,"ការបំពុលទន្លេ និងបឹងពីមុន ធៀបនឹងបច្ចុប្បន្ន
River and lake pollution then vs. now",1,cambodia_10_years_ago_vs._now_40_0001_0093,11.35,long_gt_10s,1:cambodia_10_years_ago_vs._now_40_0001_0093
Digital-Divide-Data/khmer-speech-dataset,train,56,m-adt4-0002_khm_cambodia_10_years_ago_vs._now_40_0001_0094.wav,រដ្ឋាភិបាលគួរតែជំរុញឱ្យមានការកសាងរោងចក្រចម្រោះទឹកកខ្វក់ឱ្យបានគ្រប់គ្រាន់ នៅតាមបណ្ដាក្រុង និងស្រុកនីមួយៗ។,រដ្ឋាភិបាលគួរតែជំរុញឱ្យមានការកសាងរោងចក្រចម្រោះទឹកកខ្វក់ឱ្យបានគ្រប់គ្រាន់ នៅតាមបណ្ដាក្រុង និងស្រុកនីមួយៗ។,m-adt4-0002,Cambodia 10 Years Ago vs. Now,"ការបំពុលទន្លេ និងបឹងពីមុន ធៀបនឹងបច្ចុប្បន្ន
River and lake pollution then vs. now",1,cambodia_10_years_ago_vs._now_40_0001_0094,12.97,long_gt_10s,1:cambodia_10_years_ago_vs._now_40_0001_0094
Digital-Divide-Data/khmer-speech-dataset,train,454,m-adt4-0002_khm_cambodia_10_years_ago_vs._now_40_0001_0099.wav,យើងគ្រប់គ្នាដែលរស់នៅលើផែនដីនេះ គឺជាផ្នែកមួយនៃបញ្ហា ប៉ុន្តែក៏ជាផ្នែកមួយដ៏សំខាន់នៃដំណោះស្រាយផងដែរ។,យើងគ្រប់គ្នាដែលរស់នៅលើផែនដីនេះ គឺជាផ្នែកមួយនៃបញ្ហា ប៉ុន្តែក៏ជាផ្នែកមួយដ៏សំខាន់នៃដំណោះស្រាយផងដែរ។,m-adt4-0002,Cambodia 10 Years Ago vs. Now,"ការបំពុលទន្លេ និងបឹងពីមុន ធៀបនឹងបច្ចុប្បន្ន
River and lake pollution then vs. now",1,cambodia_10_years_ago_vs._now_40_0001_0099,10.94,long_gt_10s,1:cambodia_10_years_ago_vs._now_40_0001_0099
Digital-Divide-Data/khmer-speech-dataset,train,489,m-adt4-0002_khm_cambodia_10_years_ago_vs._now_40_0001_0100.wav,ដើម្បីឱ្យទន្លេស្អាត និងបឹងស្រស់បំព្រងឡើងវិញ យើងម្នាក់ៗត្រូវតែចាប់ផ្តើមពីការឈប់បោះសំរាមចូលក្នុងទឹកចាប់ពីថ្ងៃនេះតទៅ។,ដើម្បីឱ្យទន្លេស្អាត និងបឹងស្រស់បំព្រងឡើងវិញ យើងម្នាក់ៗត្រូវតែចាប់ផ្តើមពីការឈប់បោះសំរាមចូលក្នុងទឹកចាប់ពីថ្ងៃនេះតទៅ។,m-adt4-0002,Cambodia 10 Years Ago vs. Now,"ការបំពុលទន្លេ និងបឹងពីមុន ធៀបនឹងបច្ចុប្បន្ន
River and lake pollution then vs. now",1,cambodia_10_years_ago_vs._now_40_0001_0100,12.98,long_gt_10s,1:cambodia_10_years_ago_vs._now_40_0001_0100
Digital-Divide-Data/khmer-speech-dataset,train,600,m-adt4-0002_khm_cambodia_10_years_ago_vs._now_40_0001_0101.wav,ទន្លេមេគង្គដែលជាមាតានៃទឹក ធ្លាប់បានផ្ដល់នូវចំណីអាហារ និងការចិញ្ចឹមជីវិតដល់មនុស្សរាប់លាននាក់តាំងពីដើមមក។,ទន្លេមេគង្គដែលជាមាតានៃទឹក ធ្លាប់បានផ្ដល់នូវចំណីអាហារ និងការចិញ្ចឹមជីវិតដល់មនុស្សរាប់លាននាក់តាំងពីដើមមក។,m-adt4-0002,Cambodia 10 Years Ago vs. Now,"ការបំពុលទន្លេ និងបឹងពីមុន ធៀបនឹងបច្ចុប្បន្ន
River and lake pollution then vs. now",1,cambodia_10_years_ago_vs._now_40_0001_0101,9.74,medium_5_to_10s,1:cambodia_10_years_ago_vs._now_40_0001_0101
Digital-Divide-Data/khmer-speech-dataset,train,841,m-adt4-0002_khm_cambodia_10_years_ago_vs._now_40_0001_0105.wav,កាកសំណល់ដែលបញ្ចេញចេញពីភូមិបណ្ដែតទឹក គឺជាបញ្ហាប្រឈមដ៏ធំមួយសម្រាប់ការងារអភិរក្ស និងការថែរក្សាគុណភាពទឹកបឹង។,កាកសំណល់ដែលបញ្ចេញចេញពីភូមិបណ្ដែតទឹក គឺជាបញ្ហាប្រឈមដ៏ធំមួយសម្រាប់ការងារអភិរក្ស និងការថែរក្សាគុណភាពទឹកបឹង។,m-adt4-0002,Cambodia 10 Years Ago vs. Now,"ការបំពុលទន្លេ និងបឹងពីមុន ធៀបនឹងបច្ចុប្បន្ន
River and lake pollution then vs. now",1,cambodia_10_years_ago_vs._now_40_0001_0105,11.95,long_gt_10s,1:cambodia_10_years_ago_vs._now_40_0001_0105
Digital-Divide-Data/khmer-speech-dataset,train,74,m-adt4-0002_khm_cambodia_10_years_ago_vs._now_40_0001_0108.wav,ការស្ដារឡើងវិញនូវតំបន់សួតបៃតង និងតំបន់ដីសើមនៅជុំវិញរាជធានីភ្នំពេញ គឺជាកិច្ចការងារដែលចាំបាច់មិនអាចខ្វះបាន។,ការស្ដារឡើងវិញនូវតំបន់សួតបៃតង និងតំបន់ដីសើមនៅជុំវិញរាជធានីភ្នំពេញ គឺជាកិច្ចការងារដែលចាំបាច់មិនអាចខ្វះបាន។,m-adt4-0002,Cambodia 10 Years Ago vs. Now,"ការបំពុលទន្លេ និងបឹងពីមុន ធៀបនឹងបច្ចុប្បន្ន
River and lake pollution then vs. now",1,cambodia_10_years_ago_vs._now_40_0001_0108,11.696312,long_gt_10s,1:cambodia_10_years_ago_vs._now_40_0001_0108
Digital-Divide-Data/khmer-speech-dataset,train,174,m-adt4-0002_khm_cambodia_10_years_ago_vs._now_40_0001_0109.wav,ប្រជាពលរដ្ឋដែលធ្លាប់តែនិយមប្រើប្រាស់ទឹកទន្លេដោយផ្ទាល់ កំពុងងាកមកប្រើទឹកបំពង់ស្អាតវិញដោយសារបារម្ភពីជាតិពុលក្នុងទន្លេ។,ប្រជាពលរដ្ឋដែលធ្លាប់តែនិយមប្រើប្រាស់ទឹកទន្លេដោយផ្ទាល់ កំពុងងាកមកប្រើទឹកបំពង់ស្អាតវិញដោយសារបារម្ភពីជាតិពុលក្នុងទន្លេ។,m-adt4-0002,Cambodia 10 Years Ago vs. Now,"ការបំពុលទន្លេ និងបឹងពីមុន ធៀបនឹងបច្ចុប្បន្ន
River and lake pollution then vs. now",1,cambodia_10_years_ago_vs._now_40_0001_0109,12.93,long_gt_10s,1:cambodia_10_years_ago_vs._now_40_0001_0109
Digital-Divide-Data/khmer-speech-dataset,train,211,m-adt4-0002_khm_cambodia_10_years_ago_vs._now_40_0001_0111.wav,បឹងតាមោក និងបឹងជើងឯក ដែលជាតំបន់ដ៏សំខាន់ កំពុងបាត់បង់ផ្ទៃទឹកជាបន្តបន្ទាប់ដោយសារការចាក់ដីលុប។,បឹងតាមោក និងបឹងជើងឯក ដែលជាតំបន់ដ៏សំខាន់ កំពុងបាត់បង់ផ្ទៃទឹកជាបន្តបន្ទាប់ដោយសារការចាក់ដីលុប។,m-adt4-0002,Cambodia 10 Years Ago vs. Now,"ការបំពុលទន្លេ និងបឹងពីមុន ធៀបនឹងបច្ចុប្បន្ន
River and lake pollution then vs. now",1,cambodia_10_years_ago_vs._now_40_0001_0111,10.48,long_gt_10s,1:cambodia_10_years_ago_vs._now_40_0001_0111
Digital-Divide-Data/khmer-speech-dataset,train,214,m-adt4-0002_khm_cambodia_10_years_ago_vs._now_40_0001_0113.wav,ការធ្វើស្រែប្រាំងដែលប្រើប្រាស់ប្រភពទឹកដែលមានការបំពុលជាតិគីមី អាចនឹងផ្ដល់នូវទិន្នផលស្រូវដែលមានផ្ទុកជាតិពុលដល់អ្នកបរិភោគ។,ការធ្វើស្រែប្រាំងដែលប្រើប្រាស់ប្រភពទឹកដែលមានការបំពុលជាតិគីមី អាចនឹងផ្ដល់នូវទិន្នផលស្រូវដែលមានផ្ទុកជាតិពុលដល់អ្នកបរិភោគ។,m-adt4-0002,Cambodia 10 Years Ago vs. Now,"ការបំពុលទន្លេ និងបឹងពីមុន ធៀបនឹងបច្ចុប្បន្ន
River and lake pollution then vs. now",1,cambodia_10_years_ago_vs._now_40_0001_0113,12.6,long_gt_10s,1:cambodia_10_years_ago_vs._now_40_0001_0113
Digital-Divide-Data/khmer-speech-dataset,train,377,m-adt4-0002_khm_cambodia_10_years_ago_vs._now_40_0001_0114.wav,វិស័យទេសចរណ៍តាមដងទន្លេនឹងបាត់បង់ភាពទាក់ទាញទាំងស្រុង ប្រសិនបើទឹកទន្លេមានភាពកខ្វក់ និងជះក្លិនស្អុយមិនល្អ។,វិស័យទេសចរណ៍តាមដងទន្លេនឹងបាត់បង់ភាពទាក់ទាញទាំងស្រុង ប្រសិនបើទឹកទន្លេមានភាពកខ្វក់ និងជះក្លិនស្អុយមិនល្អ។,m-adt4-0002,Cambodia 10 Years Ago vs. Now,"ការបំពុលទន្លេ និងបឹងពីមុន ធៀបនឹងបច្ចុប្បន្ន
River and lake pollution then vs. now",1,cambodia_10_years_ago_vs._now_40_0001_0114,11.13,long_gt_10s,1:cambodia_10_years_ago_vs._now_40_0001_0114
Digital-Divide-Data/khmer-speech-dataset,train,422,m-adt4-0002_khm_cambodia_10_years_ago_vs._now_40_0001_0116.wav,ការបាត់បង់កន្លែងជម្រកសម្រាប់ត្រីពងកូន បណ្ដាលមកពីការគរទុកនៃកាកសំណល់សំណង់ និងសំរាមនៅក្នុងមជ្ឈដ្ឋានទឹក។,ការបាត់បង់កន្លែងជម្រកសម្រាប់ត្រីពងកូន បណ្ដាលមកពីការគរទុកនៃកាកសំណល់សំណង់ និងសំរាមនៅក្នុងមជ្ឈដ្ឋានទឹក។,m-adt4-0002,Cambodia 10 Years Ago vs. Now,"ការបំពុលទន្លេ និងបឹងពីមុន ធៀបនឹងបច្ចុប្បន្ន
River and lake pollution then vs. now",1,cambodia_10_years_ago_vs._now_40_0001_0116,11.31,long_gt_10s,1:cambodia_10_years_ago_vs._now_40_0001_0116
Digital-Divide-Data/khmer-speech-dataset,train,835,m-adt4-0002_khm_cambodia_10_years_ago_vs._now_40_0001_0117.wav,កិច្ចព្រមព្រៀងសហប្រតិបត្តិការតំបន់មេគង្គ គួរតែផ្ដល់អាទិភាពខ្ពស់បំផុតលើការគ្រប់គ្រង និងការត្រួតពិនិត្យគុណភាពទឹកឱ្យបានតឹងរ៉ឹង។,កិច្ចព្រមព្រៀងសហប្រតិបត្តិការតំបន់មេគង្គ គួរតែផ្ដល់អាទិភាពខ្ពស់បំផុតលើការគ្រប់គ្រង និងការត្រួតពិនិត្យគុណភាពទឹកឱ្យបានតឹងរ៉ឹង។,m-adt4-0002,Cambodia 10 Years Ago vs. Now,"ការបំពុលទន្លេ និងបឹងពីមុន ធៀបនឹងបច្ចុប្បន្ន
River and lake pollution then vs. now",1,cambodia_10_years_ago_vs._now_40_0001_0117,11.86,long_gt_10s,1:cambodia_10_years_ago_vs._now_40_0001_0117
Digital-Divide-Data/khmer-speech-dataset,train,15,m-adt4-0002_khm_cambodia_10_years_ago_vs._now_40_0001_0118.wav,ការបង្កើតតំបន់ការពារធនធានទឹកឱ្យបានកាន់តែច្រើន គឺជាយុទ្ធសាស្ត្រដ៏ល្អក្នុងការរក្សាប្រភពទឹកស្អាតសម្រាប់មនុស្សជំនាន់ក្រោយ។,ការបង្កើតតំបន់ការពារធនធានទឹកឱ្យបានកាន់តែច្រើន គឺជាយុទ្ធសាស្ត្រដ៏ល្អក្នុងការរក្សាប្រភពទឹកស្អាតសម្រាប់មនុស្សជំនាន់ក្រោយ។,m-adt4-0002,Cambodia 10 Years Ago vs. Now,"ការបំពុលទន្លេ និងបឹងពីមុន ធៀបនឹងបច្ចុប្បន្ន
River and lake pollution then vs. now",1,cambodia_10_years_ago_vs._now_40_0001_0118,10.91,long_gt_10s,1:cambodia_10_years_ago_vs._now_40_0001_0118
Digital-Divide-Data/khmer-speech-dataset,train,301,m-adt4-0002_khm_cambodia_10_years_ago_vs._now_40_0001_0122.wav,ការផ្ដល់ការលើកទឹកចិត្តដល់បងប្អូនអ្នកនេសាទ ឱ្យចូលរួមជួយប្រមូលសំរាមចេញពីក្នុងទឹក គឺជាសកម្មភាពសហគមន៍ដ៏មានតម្លៃ។,ការផ្ដល់ការលើកទឹកចិត្តដល់បងប្អូនអ្នកនេសាទ ឱ្យចូលរួមជួយប្រមូលសំរាមចេញពីក្នុងទឹក គឺជាសកម្មភាពសហគមន៍ដ៏មានតម្លៃ។,m-adt4-0002,Cambodia 10 Years Ago vs. Now,"ការបំពុលទន្លេ និងបឹងពីមុន ធៀបនឹងបច្ចុប្បន្ន
River and lake pollution then vs. now",1,cambodia_10_years_ago_vs._now_40_0001_0122,11.6,long_gt_10s,1:cambodia_10_years_ago_vs._now_40_0001_0122
Digital-Divide-Data/khmer-speech-dataset,train,815,m-adt4-0002_khm_cambodia_10_years_ago_vs._now_40_0001_0123.wav,រដ្ឋបាលមូលដ្ឋានគួរតែរៀបចំឱ្យមានការដំឡើងម៉ាស៊ីនចម្រោះទឹកខ្នាតតូច តាមសហគមន៍ដែលខ្វះខាតទឹកស្អាតប្រើប្រាស់។,រដ្ឋបាលមូលដ្ឋានគួរតែរៀបចំឱ្យមានការដំឡើងម៉ាស៊ីនចម្រោះទឹកខ្នាតតូច តាមសហគមន៍ដែលខ្វះខាតទឹកស្អាតប្រើប្រាស់។,m-adt4-0002,Cambodia 10 Years Ago vs. Now,"ការបំពុលទន្លេ និងបឹងពីមុន ធៀបនឹងបច្ចុប្បន្ន
River and lake pollution then vs. now",1,cambodia_10_years_ago_vs._now_40_0001_0123,10.52,long_gt_10s,1:cambodia_10_years_ago_vs._now_40_0001_0123
Digital-Divide-Data/khmer-speech-dataset,train,476,m-adt4-0002_khm_cambodia_10_years_ago_vs._now_40_0001_0124.wav,ការរៀបចំព្រឹត្តិការណ៍កីឡា ឬការរត់ប្រណាំងដើម្បីបរិស្ថាន គឺជាវិធីសាស្ត្រដ៏ល្អក្នុងការកៀរគរស្មារតីមហាជនឱ្យមកចាប់អារម្មណ៍ពីទន្លេ។,ការរៀបចំព្រឹត្តិការណ៍កីឡា ឬការរត់ប្រណាំងដើម្បីបរិស្ថាន គឺជាវិធីសាស្ត្រដ៏ល្អក្នុងការកៀរគរស្មារតីមហាជនឱ្យមកចាប់អារម្មណ៍ពីទន្លេ។,m-adt4-0002,Cambodia 10 Years Ago vs. Now,"ការបំពុលទន្លេ និងបឹងពីមុន ធៀបនឹងបច្ចុប្បន្ន
River and lake pollution then vs. now",1,cambodia_10_years_ago_vs._now_40_0001_0124,13.27,long_gt_10s,1:cambodia_10_years_ago_vs._now_40_0001_0124
Digital-Divide-Data/khmer-speech-dataset,train,374,m-adt4-0002_khm_cambodia_10_years_ago_vs._now_40_0001_0128.wav,រដ្ឋាភិបាលក៏ត្រូវបង្កើតកញ្ចប់ថវិកាជាតិពិសេសមួយ សម្រាប់ប្រើប្រាស់ក្នុងកិច្ចការងារសង្គ្រោះប្រភពទឹកធម្មជាតិដែលរងការខូចខាតផងដែរ។,រដ្ឋាភិបាលក៏ត្រូវបង្កើតកញ្ចប់ថវិកាជាតិពិសេសមួយ សម្រាប់ប្រើប្រាស់ក្នុងកិច្ចការងារសង្គ្រោះប្រភពទឹកធម្មជាតិដែលរងការខូចខាតផងដែរ។,m-adt4-0002,Cambodia 10 Years Ago vs. Now,"ការបំពុលទន្លេ និងបឹងពីមុន ធៀបនឹងបច្ចុប្បន្ន
River and lake pollution then vs. now",1,cambodia_10_years_ago_vs._now_40_0001_0128,11.35,long_gt_10s,1:cambodia_10_years_ago_vs._now_40_0001_0128
Digital-Divide-Data/khmer-speech-dataset,train,303,m-adt4-0002_khm_cambodia_10_years_ago_vs._now_40_0001_0129.wav,ទឹកគឺជាមរតកធម្មជាតិដ៏ពិសិដ្ឋបំផុត ដែលយើងទាំងអស់គ្នាត្រូវមានកាតព្វកិច្ចផ្ទេរទៅឱ្យកូនចៅជំនាន់ក្រោយដោយភាពបរិសុទ្ធ។,ទឹកគឺជាមរតកធម្មជាតិដ៏ពិសិដ្ឋបំផុត ដែលយើងទាំងអស់គ្នាត្រូវមានកាតព្វកិច្ចផ្ទេរទៅឱ្យកូនចៅជំនាន់ក្រោយដោយភាពបរិសុទ្ធ។,m-adt4-0002,Cambodia 10 Years Ago vs. Now,"ការបំពុលទន្លេ និងបឹងពីមុន ធៀបនឹងបច្ចុប្បន្ន
River and lake pollution then vs. now",1,cambodia_10_years_ago_vs._now_40_0001_0129,11.28,long_gt_10s,1:cambodia_10_years_ago_vs._now_40_0001_0129
Digital-Divide-Data/khmer-speech-dataset,train,323,m-adt4-0002_khm_cambodia_10_years_ago_vs._now_40_0001_0131.wav,ការដាំដើមឈើឡើងវិញនៅតាមដងទន្លេ និងមាត់បឹងមិនត្រឹមតែការពារការបាក់ច្រាំងប៉ុណ្ណោះទេ ប៉ុន្តែក៏ជួយបន្សុទ្ធទឹកផងដែរ។,ការដាំដើមឈើឡើងវិញនៅតាមដងទន្លេ និងមាត់បឹងមិនត្រឹមតែការពារការបាក់ច្រាំងប៉ុណ្ណោះទេ ប៉ុន្តែក៏ជួយបន្សុទ្ធទឹកផងដែរ។,m-adt4-0002,Cambodia 10 Years Ago vs. Now,"ការបំពុលទន្លេ និងបឹងពីមុន ធៀបនឹងបច្ចុប្បន្ន
River and lake pollution then vs. now",1,cambodia_10_years_ago_vs._now_40_0001_0131,13.59,long_gt_10s,1:cambodia_10_years_ago_vs._now_40_0001_0131
Digital-Divide-Data/khmer-speech-dataset,train,23,m-adt4-0002_khm_cambodia_10_years_ago_vs._now_40_0001_0132.wav,ការស្វែងយល់ឱ្យបានច្បាស់ពីសង្វាក់អាហារ និងប្រព័ន្ធជីវិតក្នុងទឹកដែលកំពុងរងផលប៉ះពាល់ពីសកម្មភាពមិនត្រឹមត្រូវរបស់មនុស្ស។,ការស្វែងយល់ឱ្យបានច្បាស់ពីសង្វាក់អាហារ និងប្រព័ន្ធជីវិតក្នុងទឹកដែលកំពុងរងផលប៉ះពាល់ពីសកម្មភាពមិនត្រឹមត្រូវរបស់មនុស្ស។,m-adt4-0002,Cambodia 10 Years Ago vs. Now,"ការបំពុលទន្លេ និងបឹងពីមុន ធៀបនឹងបច្ចុប្បន្ន
River and lake pollution then vs. now",1,cambodia_10_years_ago_vs._now_40_0001_0132,12.69,long_gt_10s,1:cambodia_10_years_ago_vs._now_40_0001_0132
Digital-Divide-Data/khmer-speech-dataset,train,347,m-adt4-0002_khm_cambodia_10_years_ago_vs._now_40_0001_0133.wav,យើងមិនត្រូវបណ្ដោយឱ្យទន្លេមេគង្គដ៏អស្ចារ្យរបស់យើង ក្លាយជាគ្រាន់តែជារូបភាពនៃការចងចាំនៅក្នុងសៀវភៅរឿងនិទានឡើយ។,យើងមិនត្រូវបណ្ដោយឱ្យទន្លេមេគង្គដ៏អស្ចារ្យរបស់យើង ក្លាយជាគ្រាន់តែជារូបភាពនៃការចងចាំនៅក្នុងសៀវភៅរឿងនិទានឡើយ។,m-adt4-0002,Cambodia 10 Years Ago vs. Now,"ការបំពុលទន្លេ និងបឹងពីមុន ធៀបនឹងបច្ចុប្បន្ន
River and lake pollution then vs. now",1,cambodia_10_years_ago_vs._now_40_0001_0133,13.05,long_gt_10s,1:cambodia_10_years_ago_vs._now_40_0001_0133
Digital-Divide-Data/khmer-speech-dataset,train,465,m-adt4-0002_khm_cambodia_10_years_ago_vs._now_40_0001_0136.wav,ការជំរុញឱ្យរោងចក្រប្រើប្រាស់ថាមពលកកើតឡើងវិញ និងបច្ចេកវិទ្យាផលិតកម្មបៃតង ដើម្បីកាត់បន្ថយការបញ្ចេញសំណល់គីមី។,ការជំរុញឱ្យរោងចក្រប្រើប្រាស់ថាមពលកកើតឡើងវិញ និងបច្ចេកវិទ្យាផលិតកម្មបៃតង ដើម្បីកាត់បន្ថយការបញ្ចេញសំណល់គីមី។,m-adt4-0002,Cambodia 10 Years Ago vs. Now,"ការបំពុលទន្លេ និងបឹងពីមុន ធៀបនឹងបច្ចុប្បន្ន
River and lake pollution then vs. now",1,cambodia_10_years_ago_vs._now_40_0001_0136,12.21,long_gt_10s,1:cambodia_10_years_ago_vs._now_40_0001_0136
Digital-Divide-Data/khmer-speech-dataset,train,771,m-adt4-0002_khm_cambodia_10_years_ago_vs._now_40_0001_0138.wav,សត្វត្រីផ្សោតគឺជាតំណាងដ៏សំខាន់ ដែលបង្ហាញពីសុខភាពល្អនៃប្រព័ន្ធទឹកទន្លេមេគង្គរបស់យើង។,សត្វត្រីផ្សោតគឺជាតំណាងដ៏សំខាន់ ដែលបង្ហាញពីសុខភាពល្អនៃប្រព័ន្ធទឹកទន្លេមេគង្គរបស់យើង។,m-adt4-0002,Cambodia 10 Years Ago vs. Now,"ការបំពុលទន្លេ និងបឹងពីមុន ធៀបនឹងបច្ចុប្បន្ន
River and lake pollution then vs. now",1,cambodia_10_years_ago_vs._now_40_0001_0138,8.52,medium_5_to_10s,1:cambodia_10_years_ago_vs._now_40_0001_0138
Digital-Divide-Data/khmer-speech-dataset,train,160,m-adt4-0002_khm_cambodia_10_years_ago_vs._now_40_0001_0139.wav,ការការពារបឹងធម្មជាតិមិនឱ្យបាត់បង់ គឺជាការការពារទីក្រុងឱ្យជៀសផុតពីគ្រោះមហន្តរាយនៃការជន់លិចដោយទឹកកខ្វក់។,ការការពារបឹងធម្មជាតិមិនឱ្យបាត់បង់ គឺជាការការពារទីក្រុងឱ្យជៀសផុតពីគ្រោះមហន្តរាយនៃការជន់លិចដោយទឹកកខ្វក់។,m-adt4-0002,Cambodia 10 Years Ago vs. Now,"ការបំពុលទន្លេ និងបឹងពីមុន ធៀបនឹងបច្ចុប្បន្ន
River and lake pollution then vs. now",1,cambodia_10_years_ago_vs._now_40_0001_0139,12.15,long_gt_10s,1:cambodia_10_years_ago_vs._now_40_0001_0139
